Workbook

Sheet Corkscrew
A1: YoY ARR Corkscrew & Retention Analysis
A2: Generated: | B2: 2026-06-21
A3: ARR Factor (MRR × N): | B3: 12
A5: Item | B5: 2022-M1 | C5: 2022-M2 | D5: 2022-M3 | E5: 2022-M4 | F5: 2022-M5 | G5: 2022-M6 | H5: 2022-M7 | I5: 2022-M8 | J5: 2022-M9 | K5: 2022-M10 | L5: 2022-M11 | M5: 2022-M12 | N5: 2023-M1 | O5: 2023-M2 | P5: 2023-M3 | Q5: 2023-M4 | R5: 2023-M5 | S5: 2023-M6 | T5: 2023-M7 | U5: 2023-M8 | V5: 2023-M9 | W5: 2023-M10 | X5: 2023-M11 | Y5: 2023-M12 | Z5: 2024-M1 | AA5: 2024-M2 | AB5: 2024-M3 | AC5: 2024-M4 | AD5: 2024-M5 | AE5: 2024-M6 | AF5: 2024-M7 | AG5: 2024-M8 | AH5: 2024-M9 | AI5: 2024-M10 | AJ5: 2024-M11 | AK5: 2024-M12 | AL5: 2025-M1 | AM5: 2025-M2 | AN5: 2025-M3 | AO5: 2025-M4 | AP5: 2025-M5 | AQ5: 2025-M6 | AR5: 2025-M7 | AS5: 2025-M8 | AT5: 2025-M9 | AU5: 2025-M10 | AV5: 2025-M11 | AW5: 2025-M12 | AX5: 2026-M1 | AY5: 2026-M2 | AZ5: 2026-M3 | BA5: 2026-M4 | BB5: 2026-M5
A6: (vs. prior year) | B6: vs 2021-M1 | C6: vs 2021-M2 | D6: vs 2021-M3 | E6: vs 2021-M4 | F6: vs 2021-M5 | G6: vs 2021-M6 | H6: vs 2021-M7 | I6: vs 2021-M8 | J6: vs 2021-M9 | K6: vs 2021-M10 | L6: vs 2021-M11 | M6: vs 2021-M12 | N6: vs 2022-M1 | O6: vs 2022-M2 | P6: vs 2022-M3 | Q6: vs 2022-M4 | R6: vs 2022-M5 | S6: vs 2022-M6 | T6: vs 2022-M7 | U6: vs 2022-M8 | V6: vs 2022-M9 | W6: vs 2022-M10 | X6: vs 2022-M11 | Y6: vs 2022-M12 | Z6: vs 2023-M1 | AA6: vs 2023-M2 | AB6: vs 2023-M3 | AC6: vs 2023-M4 | AD6: vs 2023-M5 | AE6: vs 2023-M6 | AF6: vs 2023-M7 | AG6: vs 2023-M8 | AH6: vs 2023-M9 | AI6: vs 2023-M10 | AJ6: vs 2023-M11 | AK6: vs 2023-M12 | AL6: vs 2024-M1 | AM6: vs 2024-M2 | AN6: vs 2024-M3 | AO6: vs 2024-M4 | AP6: vs 2024-M5 | AQ6: vs 2024-M6 | AR6: vs 2024-M7 | AS6: vs 2024-M8 | AT6: vs 2024-M9 | AU6: vs 2024-M10 | AV6: vs 2024-M11 | AW6: vs 2024-M12 | AX6: vs 2025-M1 | AY6: vs 2025-M2 | AZ6: vs 2025-M3 | BA6: vs 2025-M4 | BB6: vs 2025-M5
A8: Beginning ARR (prior year) | B8: =SUMPRODUCT(('Raw Data with Analysis'!B$12:B$108>0)*'Raw Data with Analysis'!B$12:B$108)*$B$3 -> 1484372.4 | C8: =SUMPRODUCT(('Raw Data with Analysis'!C$12:C$108>0)*'Raw Data with Analysis'!C$12:C$108)*$B$3 -> 1520260 | D8: =SUMPRODUCT(('Raw Data with Analysis'!D$12:D$108>0)*'Raw Data with Analysis'!D$12:D$108)*$B$3 -> 1501670 | E8: =SUMPRODUCT(('Raw Data with Analysis'!E$12:E$108>0)*'Raw Data with Analysis'!E$12:E$108)*$B$3 -> 1518254 | F8: =SUMPRODUCT(('Raw Data with Analysis'!F$12:F$108>0)*'Raw Data with Analysis'!F$12:F$108)*$B$3 -> 1550628.8 | G8: =SUMPRODUCT(('Raw Data with Analysis'!G$12:G$108>0)*'Raw Data with Analysis'!G$12:G$108)*$B$3 -> 1577828.9 | H8: =SUMPRODUCT(('Raw Data with Analysis'!H$12:H$108>0)*'Raw Data with Analysis'!H$12:H$108)*$B$3 -> 1453213 | I8: =SUMPRODUCT(('Raw Data with Analysis'!I$12:I$108>0)*'Raw Data with Analysis'!I$12:I$108)*$B$3 -> 1548582 | ... BB8: =SUMPRODUCT(('Raw Data with Analysis'!BB$12:BB$108>0)*'Raw Data with Analysis'!BB$12:BB$108)*$B$3 -> 3775119.3
A9: + New customer ARR | B9: =SUMPRODUCT(('Raw Data with Analysis'!B$12:B$108=0)*('Raw Data with Analysis'!N$12:N$108>0)*'Raw Data with Analysis'!N$12:N$108)*$B$3 -> 297057.59 | C9: =SUMPRODUCT(('Raw Data with Analysis'!C$12:C$108=0)*('Raw Data with Analysis'!O$12:O$108>0)*'Raw Data with Analysis'!O$12:O$108)*$B$3 -> 310557.59 | D9: =SUMPRODUCT(('Raw Data with Analysis'!D$12:D$108=0)*('Raw Data with Analysis'!P$12:P$108>0)*'Raw Data with Analysis'!P$12:P$108)*$B$3 -> 317557.55 | E9: =SUMPRODUCT(('Raw Data with Analysis'!E$12:E$108=0)*('Raw Data with Analysis'!Q$12:Q$108>0)*'Raw Data with Analysis'!Q$12:Q$108)*$B$3 -> 329579.55 | F9: =SUMPRODUCT(('Raw Data with Analysis'!F$12:F$108=0)*('Raw Data with Analysis'!R$12:R$108>0)*'Raw Data with Analysis'!R$12:R$108)*$B$3 -> 329579.55 | G9: =SUMPRODUCT(('Raw Data with Analysis'!G$12:G$108=0)*('Raw Data with Analysis'!S$12:S$108>0)*'Raw Data with Analysis'!S$12:S$108)*$B$3 -> 327604.31 | H9: =SUMPRODUCT(('Raw Data with Analysis'!H$12:H$108=0)*('Raw Data with Analysis'!T$12:T$108>0)*'Raw Data with Analysis'!T$12:T$108)*$B$3 -> 262904.35 | I9: =SUMPRODUCT(('Raw Data with Analysis'!I$12:I$108=0)*('Raw Data with Analysis'!U$12:U$108>0)*'Raw Data with Analysis'!U$12:U$108)*$B$3 -> 270654.35 | ... BB9: =SUMPRODUCT(('Raw Data with Analysis'!BB$12:BB$108=0)*('Raw Data with Analysis'!BN$12:BN$108>0)*'Raw Data with Analysis'!BN$12:BN$108)*$B$3 -> 0
A10: + Expansion (Upsell) | B10: =SUMPRODUCT(('Raw Data with Analysis'!B$12:B$108>0)*('Raw Data with Analysis'!N$12:N$108>'Raw Data with Analysis'!B$12:B$108)*('Raw Data with Analysis'!N$12:N$108-'Raw Data with Analysis'!B$12:B$108))*$B$3 -> 208070.85 | C10: =SUMPRODUCT(('Raw Data with Analysis'!C$12:C$108>0)*('Raw Data with Analysis'!O$12:O$108>'Raw Data with Analysis'!C$12:C$108)*('Raw Data with Analysis'!O$12:O$108-'Raw Data with Analysis'!C$12:C$108))*$B$3 -> 174066.36 | D10: =SUMPRODUCT(('Raw Data with Analysis'!D$12:D$108>0)*('Raw Data with Analysis'!P$12:P$108>'Raw Data with Analysis'!D$12:D$108)*('Raw Data with Analysis'!P$12:P$108-'Raw Data with Analysis'!D$12:D$108))*$B$3 -> 175866.36 | E10: =SUMPRODUCT(('Raw Data with Analysis'!E$12:E$108>0)*('Raw Data with Analysis'!Q$12:Q$108>'Raw Data with Analysis'!E$12:E$108)*('Raw Data with Analysis'!Q$12:Q$108-'Raw Data with Analysis'!E$12:E$108))*$B$3 -> 169190.88 | F10: =SUMPRODUCT(('Raw Data with Analysis'!F$12:F$108>0)*('Raw Data with Analysis'!R$12:R$108>'Raw Data with Analysis'!F$12:F$108)*('Raw Data with Analysis'!R$12:R$108-'Raw Data with Analysis'!F$12:F$108))*$B$3 -> 140116.2 | G10: =SUMPRODUCT(('Raw Data with Analysis'!G$12:G$108>0)*('Raw Data with Analysis'!S$12:S$108>'Raw Data with Analysis'!G$12:G$108)*('Raw Data with Analysis'!S$12:S$108-'Raw Data with Analysis'!G$12:G$108))*$B$3 -> 139166.11 | H10: =SUMPRODUCT(('Raw Data with Analysis'!H$12:H$108>0)*('Raw Data with Analysis'!T$12:T$108>'Raw Data with Analysis'!H$12:H$108)*('Raw Data with Analysis'!T$12:T$108-'Raw Data with Analysis'!H$12:H$108))*$B$3 -> 125983.53 | I10: =SUMPRODUCT(('Raw Data with Analysis'!I$12:I$108>0)*('Raw Data with Analysis'!U$12:U$108>'Raw Data with Analysis'!I$12:I$108)*('Raw Data with Analysis'!U$12:U$108-'Raw Data with Analysis'!I$12:I$108))*$B$3 -> 125983.53 | ... BB10: =SUMPRODUCT(('Raw Data with Analysis'!BB$12:BB$108>0)*('Raw Data with Analysis'!BN$12:BN$108>'Raw Data with Analysis'!BB$12:BB$108)*('Raw Data with Analysis'!BN$12:BN$108-'Raw Data with Analysis'!BB$12:BB$108))*$B$3 -> 1182036.8
A11: - Contraction (Downsell) | B11: =SUMPRODUCT(('Raw Data with Analysis'!B$12:B$108>0)*('Raw Data with Analysis'!N$12:N$108>0)*('Raw Data with Analysis'!N$12:N$108<'Raw Data with Analysis'!B$12:B$108)*('Raw Data with Analysis'!N$12:N$108-'Raw Data with Analysis'!B$12:B$108))*$B$3 -> -126721.37 | C11: =SUMPRODUCT(('Raw Data with Analysis'!C$12:C$108>0)*('Raw Data with Analysis'!O$12:O$108>0)*('Raw Data with Analysis'!O$12:O$108<'Raw Data with Analysis'!C$12:C$108)*('Raw Data with Analysis'!O$12:O$108-'Raw Data with Analysis'!C$12:C$108))*$B$3 -> -126721.37 | D11: =SUMPRODUCT(('Raw Data with Analysis'!D$12:D$108>0)*('Raw Data with Analysis'!P$12:P$108>0)*('Raw Data with Analysis'!P$12:P$108<'Raw Data with Analysis'!D$12:D$108)*('Raw Data with Analysis'!P$12:P$108-'Raw Data with Analysis'!D$12:D$108))*$B$3 -> -108131.37 | E11: =SUMPRODUCT(('Raw Data with Analysis'!E$12:E$108>0)*('Raw Data with Analysis'!Q$12:Q$108>0)*('Raw Data with Analysis'!Q$12:Q$108<'Raw Data with Analysis'!E$12:E$108)*('Raw Data with Analysis'!Q$12:Q$108-'Raw Data with Analysis'!E$12:E$108))*$B$3 -> -117731.37 | F11: =SUMPRODUCT(('Raw Data with Analysis'!F$12:F$108>0)*('Raw Data with Analysis'!R$12:R$108>0)*('Raw Data with Analysis'!R$12:R$108<'Raw Data with Analysis'!F$12:F$108)*('Raw Data with Analysis'!R$12:R$108-'Raw Data with Analysis'!F$12:F$108))*$B$3 -> -120931.37 | G11: =SUMPRODUCT(('Raw Data with Analysis'!G$12:G$108>0)*('Raw Data with Analysis'!S$12:S$108>0)*('Raw Data with Analysis'!S$12:S$108<'Raw Data with Analysis'!G$12:G$108)*('Raw Data with Analysis'!S$12:S$108-'Raw Data with Analysis'!G$12:G$108))*$B$3 -> -120931.57 | H11: =SUMPRODUCT(('Raw Data with Analysis'!H$12:H$108>0)*('Raw Data with Analysis'!T$12:T$108>0)*('Raw Data with Analysis'!T$12:T$108<'Raw Data with Analysis'!H$12:H$108)*('Raw Data with Analysis'!T$12:T$108-'Raw Data with Analysis'!H$12:H$108))*$B$3 -> -130165.43 | I11: =SUMPRODUCT(('Raw Data with Analysis'!I$12:I$108>0)*('Raw Data with Analysis'!U$12:U$108>0)*('Raw Data with Analysis'!U$12:U$108<'Raw Data with Analysis'!I$12:I$108)*('Raw Data with Analysis'!U$12:U$108-'Raw Data with Analysis'!I$12:I$108))*$B$3 -> -130165.23 | ... BB11: =SUMPRODUCT(('Raw Data with Analysis'!BB$12:BB$108>0)*('Raw Data with Analysis'!BN$12:BN$108>0)*('Raw Data with Analysis'!BN$12:BN$108<'Raw Data with Analysis'!BB$12:BB$108)*('Raw Data with Analysis'!BN$12:BN$108-'Raw Data with Analysis'!BB$12:BB$108))*$B$3 -> -216413.76
A12: - Churn | B12: =SUMPRODUCT(('Raw Data with Analysis'!B$12:B$108>0)*('Raw Data with Analysis'!N$12:N$108=0)*(-'Raw Data with Analysis'!B$12:B$108))*$B$3 -> -220251 | C12: =SUMPRODUCT(('Raw Data with Analysis'!C$12:C$108>0)*('Raw Data with Analysis'!O$12:O$108=0)*(-'Raw Data with Analysis'!C$12:C$108))*$B$3 -> -220251 | D12: =SUMPRODUCT(('Raw Data with Analysis'!D$12:D$108>0)*('Raw Data with Analysis'!P$12:P$108=0)*(-'Raw Data with Analysis'!D$12:D$108))*$B$3 -> -223751 | E12: =SUMPRODUCT(('Raw Data with Analysis'!E$12:E$108>0)*('Raw Data with Analysis'!Q$12:Q$108=0)*(-'Raw Data with Analysis'!E$12:E$108))*$B$3 -> -222335 | F12: =SUMPRODUCT(('Raw Data with Analysis'!F$12:F$108>0)*('Raw Data with Analysis'!R$12:R$108=0)*(-'Raw Data with Analysis'!F$12:F$108))*$B$3 -> -222335 | G12: =SUMPRODUCT(('Raw Data with Analysis'!G$12:G$108>0)*('Raw Data with Analysis'!S$12:S$108=0)*(-'Raw Data with Analysis'!G$12:G$108))*$B$3 -> -222335 | H12: =SUMPRODUCT(('Raw Data with Analysis'!H$12:H$108>0)*('Raw Data with Analysis'!T$12:T$108=0)*(-'Raw Data with Analysis'!H$12:H$108))*$B$3 -> -42685 | I12: =SUMPRODUCT(('Raw Data with Analysis'!I$12:I$108>0)*('Raw Data with Analysis'!U$12:U$108=0)*(-'Raw Data with Analysis'!I$12:I$108))*$B$3 -> -138054.16 | ... BB12: =SUMPRODUCT(('Raw Data with Analysis'!BB$12:BB$108>0)*('Raw Data with Analysis'!BN$12:BN$108=0)*(-'Raw Data with Analysis'!BB$12:BB$108))*$B$3 -> -206503.11
A13: Ending ARR | B13: =B8+B9+B10+B11+B12 -> 1642528.5 | C13: =C8+C9+C10+C11+C12 -> 1657911.6 | D13: =D8+D9+D10+D11+D12 -> 1663211.5 | E13: =E8+E9+E10+E11+E12 -> 1676958.1 | F13: =F8+F9+F10+F11+F12 -> 1677058.2 | G13: =G8+G9+G10+G11+G12 -> 1701332.7 | H13: =H8+H9+H10+H11+H12 -> 1669250.5 | I13: =I8+I9+I10+I11+I12 -> 1677000.5 | ... BB13: =BB8+BB9+BB10+BB11+BB12 -> 4534239.2
A14: External Check (Ending - Raw Data) = 0 | B14: =B13 - SUM('Raw Data with Analysis'!N$12:N$108)*$B$3 -> 0 | C14: =C13 - SUM('Raw Data with Analysis'!O$12:O$108)*$B$3 -> 0 | D14: =D13 - SUM('Raw Data with Analysis'!P$12:P$108)*$B$3 -> 0 | E14: =E13 - SUM('Raw Data with Analysis'!Q$12:Q$108)*$B$3 -> 0 | F14: =F13 - SUM('Raw Data with Analysis'!R$12:R$108)*$B$3 -> 0 | G14: =G13 - SUM('Raw Data with Analysis'!S$12:S$108)*$B$3 -> 0 | H14: =H13 - SUM('Raw Data with Analysis'!T$12:T$108)*$B$3 -> 0 | I14: =I13 - SUM('Raw Data with Analysis'!U$12:U$108)*$B$3 -> 0 | ... BB14: =BB13 - SUM('Raw Data with Analysis'!BN$12:BN$108)*$B$3 -> 0
A16: CUSTOMER COUNTS
A17: # Active (prior period) | B17: =HLOOKUP(SUBSTITUTE(B$6,"vs ",""),'Raw Data with Analysis'!$B$1:$BN$2,2,FALSE()) -> 37 | C17: =HLOOKUP(SUBSTITUTE(C$6,"vs ",""),'Raw Data with Analysis'!$B$1:$BN$2,2,FALSE()) -> 37 | D17: =HLOOKUP(SUBSTITUTE(D$6,"vs ",""),'Raw Data with Analysis'!$B$1:$BN$2,2,FALSE()) -> 37 | E17: =HLOOKUP(SUBSTITUTE(E$6,"vs ",""),'Raw Data with Analysis'!$B$1:$BN$2,2,FALSE()) -> 37 | F17: =HLOOKUP(SUBSTITUTE(F$6,"vs ",""),'Raw Data with Analysis'!$B$1:$BN$2,2,FALSE()) -> 37 | G17: =HLOOKUP(SUBSTITUTE(G$6,"vs ",""),'Raw Data with Analysis'!$B$1:$BN$2,2,FALSE()) -> 39 | H17: =HLOOKUP(SUBSTITUTE(H$6,"vs ",""),'Raw Data with Analysis'!$B$1:$BN$2,2,FALSE()) -> 39 | I17: =HLOOKUP(SUBSTITUTE(I$6,"vs ",""),'Raw Data with Analysis'!$B$1:$BN$2,2,FALSE()) -> 41 | ... BB17: =HLOOKUP(SUBSTITUTE(BB$6,"vs ",""),'Raw Data with Analysis'!$B$1:$BN$2,2,FALSE()) -> 66
A18: # Active (current period) | B18: =HLOOKUP(B$5,'Raw Data with Analysis'!$B$1:$BN$2,2,FALSE()) -> 44 | C18: =HLOOKUP(C$5,'Raw Data with Analysis'!$B$1:$BN$2,2,FALSE()) -> 45 | D18: =HLOOKUP(D$5,'Raw Data with Analysis'!$B$1:$BN$2,2,FALSE()) -> 45 | E18: =HLOOKUP(E$5,'Raw Data with Analysis'!$B$1:$BN$2,2,FALSE()) -> 45 | F18: =HLOOKUP(F$5,'Raw Data with Analysis'!$B$1:$BN$2,2,FALSE()) -> 45 | G18: =HLOOKUP(G$5,'Raw Data with Analysis'!$B$1:$BN$2,2,FALSE()) -> 43 | H18: =HLOOKUP(H$5,'Raw Data with Analysis'!$B$1:$BN$2,2,FALSE()) -> 42 | I18: =HLOOKUP(I$5,'Raw Data with Analysis'!$B$1:$BN$2,2,FALSE()) -> 44 | ... BB18: =HLOOKUP(BB$5,'Raw Data with Analysis'!$B$1:$BN$2,2,FALSE()) -> 58
A19: # Churned | B19: =B17 - HLOOKUP(B$5,'Raw Data with Analysis'!$B$1:$BN$3,3,FALSE()) -> 6 | C19: =C17 - HLOOKUP(C$5,'Raw Data with Analysis'!$B$1:$BN$3,3,FALSE()) -> 6 | D19: =D17 - HLOOKUP(D$5,'Raw Data with Analysis'!$B$1:$BN$3,3,FALSE()) -> 7 | E19: =E17 - HLOOKUP(E$5,'Raw Data with Analysis'!$B$1:$BN$3,3,FALSE()) -> 7 | F19: =F17 - HLOOKUP(F$5,'Raw Data with Analysis'!$B$1:$BN$3,3,FALSE()) -> 7 | G19: =G17 - HLOOKUP(G$5,'Raw Data with Analysis'!$B$1:$BN$3,3,FALSE()) -> 7 | H19: =H17 - HLOOKUP(H$5,'Raw Data with Analysis'!$B$1:$BN$3,3,FALSE()) -> 6 | I19: =I17 - HLOOKUP(I$5,'Raw Data with Analysis'!$B$1:$BN$3,3,FALSE()) -> 8 | ... BB19: =BB17 - HLOOKUP(BB$5,'Raw Data with Analysis'!$B$1:$BN$3,3,FALSE()) -> 8
A20: # New | B20: =B18 - HLOOKUP(B$5,'Raw Data with Analysis'!$B$1:$BN$3,3,FALSE()) -> 13 | C20: =C18 - HLOOKUP(C$5,'Raw Data with Analysis'!$B$1:$BN$3,3,FALSE()) -> 14 | D20: =D18 - HLOOKUP(D$5,'Raw Data with Analysis'!$B$1:$BN$3,3,FALSE()) -> 15 | E20: =E18 - HLOOKUP(E$5,'Raw Data with Analysis'!$B$1:$BN$3,3,FALSE()) -> 15 | F20: =F18 - HLOOKUP(F$5,'Raw Data with Analysis'!$B$1:$BN$3,3,FALSE()) -> 15 | G20: =G18 - HLOOKUP(G$5,'Raw Data with Analysis'!$B$1:$BN$3,3,FALSE()) -> 11 | H20: =H18 - HLOOKUP(H$5,'Raw Data with Analysis'!$B$1:$BN$3,3,FALSE()) -> 9 | I20: =I18 - HLOOKUP(I$5,'Raw Data with Analysis'!$B$1:$BN$3,3,FALSE()) -> 11 | ... BB20: =BB18 - HLOOKUP(BB$5,'Raw Data with Analysis'!$B$1:$BN$3,3,FALSE()) -> 0
A22: RETENTION RATES
A23: Gross Dollar Retention (GRR) | B23: =IFERROR((B8+B11+B12)/B8,0) -> 0.76624978 | C23: =IFERROR((C8+C11+C12)/C8,0) -> 0.77176774 | D23: =IFERROR((D8+D11+D12)/D8,0) -> 0.77899114 | E23: =IFERROR((E8+E11+E12)/E8,0) -> 0.77601484 | F23: =IFERROR((F8+F11+F12)/F8,0) -> 0.77862763 | G23: =IFERROR((G8+G11+G12)/G8,0) -> 0.78244373 | H23: =IFERROR((H8+H11+H12)/H8,0) -> 0.88105637 | I23: =IFERROR((I8+I11+I12)/I8,0) -> 0.82679678 | ... BB23: =IFERROR((BB8+BB11+BB12)/BB8,0) -> 0.88797258
A24: Net Dollar Retention (NRR) | B24: =IFERROR((B8+B10+B11+B12)/B8,0) -> 0.90642408 | C24: =IFERROR((C8+C10+C11+C12)/C8,0) -> 0.8862655 | D24: =IFERROR((D8+D10+D11+D12)/D8,0) -> 0.896105 | E24: =IFERROR((E8+E10+E11+E12)/E8,0) -> 0.88745263 | F24: =IFERROR((F8+F10+F11+F12)/F8,0) -> 0.86898852 | G24: =IFERROR((G8+G10+G11+G12)/G8,0) -> 0.87064474 | H24: =IFERROR((H8+H10+H11+H12)/H8,0) -> 0.96774946 | I24: =IFERROR((I8+I10+I11+I12)/I8,0) -> 0.9081509 | ... BB24: =IFERROR((BB8+BB10+BB11+BB12)/BB8,0) -> 1.201085
A25: Logo Retention | B25: =IFERROR((B17-B19)/B17,0) -> 0.83783784 | C25: =IFERROR((C17-C19)/C17,0) -> 0.83783784 | D25: =IFERROR((D17-D19)/D17,0) -> 0.81081081 | E25: =IFERROR((E17-E19)/E17,0) -> 0.81081081 | F25: =IFERROR((F17-F19)/F17,0) -> 0.81081081 | G25: =IFERROR((G17-G19)/G17,0) -> 0.82051282 | H25: =IFERROR((H17-H19)/H17,0) -> 0.84615385 | I25: =IFERROR((I17-I19)/I17,0) -> 0.80487805 | ... BB25: =IFERROR((BB17-BB19)/BB17,0) -> 0.87878788
A27: PER-CUSTOMER METRICS
A28: Avg ARR per Active Customer | B28: =IFERROR(B13/B18,0) -> 37330.192 | C28: =IFERROR(C13/C18,0) -> 36842.48 | D28: =IFERROR(D13/D18,0) -> 36960.257 | E28: =IFERROR(E13/E18,0) -> 37265.735 | F28: =IFERROR(F13/F18,0) -> 37267.96 | G28: =IFERROR(G13/G18,0) -> 39565.878 | H28: =IFERROR(H13/H18,0) -> 39744.059 | I28: =IFERROR(I13/I18,0) -> 38113.647 | ... BB28: =IFERROR(BB13/BB18,0) -> 78176.538
A29: Avg ARR per New Customer | B29: =IFERROR(B9/B20,0) -> 22850.584 | C29: =IFERROR(C9/C20,0) -> 22182.685 | D29: =IFERROR(D9/D20,0) -> 21170.503 | E29: =IFERROR(E9/E20,0) -> 21971.97 | F29: =IFERROR(F9/F20,0) -> 21971.97 | G29: =IFERROR(G9/G20,0) -> 29782.21 | H29: =IFERROR(H9/H20,0) -> 29211.594 | I29: =IFERROR(I9/I20,0) -> 24604.941 | ... BB29: =IFERROR(BB9/BB20,0) -> 0

Sheet Raw Data with Analysis
A1: Customer ID | B1: 2021-M1 | C1: 2021-M2 | D1: 2021-M3 | E1: 2021-M4 | F1: 2021-M5 | G1: 2021-M6 | H1: 2021-M7 | I1: 2021-M8 | J1: 2021-M9 | K1: 2021-M10 | L1: 2021-M11 | M1: 2021-M12 | N1: 2022-M1 | O1: 2022-M2 | P1: 2022-M3 | Q1: 2022-M4 | R1: 2022-M5 | S1: 2022-M6 | T1: 2022-M7 | U1: 2022-M8 | V1: 2022-M9 | W1: 2022-M10 | X1: 2022-M11 | Y1: 2022-M12 | Z1: 2023-M1 | AA1: 2023-M2 | AB1: 2023-M3 | AC1: 2023-M4 | AD1: 2023-M5 | AE1: 2023-M6 | AF1: 2023-M7 | AG1: 2023-M8 | AH1: 2023-M9 | AI1: 2023-M10 | AJ1: 2023-M11 | AK1: 2023-M12 | AL1: 2024-M1 | AM1: 2024-M2 | AN1: 2024-M3 | AO1: 2024-M4 | AP1: 2024-M5 | AQ1: 2024-M6 | AR1: 2024-M7 | AS1: 2024-M8 | AT1: 2024-M9 | AU1: 2024-M10 | AV1: 2024-M11 | AW1: 2024-M12 | AX1: 2025-M1 | AY1: 2025-M2 | AZ1: 2025-M3 | BA1: 2025-M4 | BB1: 2025-M5 | BC1: 2025-M6 | BD1: 2025-M7 | BE1: 2025-M8 | BF1: 2025-M9 | BG1: 2025-M10 | BH1: 2025-M11 | BI1: 2025-M12 | BJ1: 2026-M1 | BK1: 2026-M2 | BL1: 2026-M3 | BM1: 2026-M4 | BN1: 2026-M5 | BO1: Excluded?
A2: # Active customers | B2: =COUNTIF(B$12:B$108,">0") -> 37 | C2: =COUNTIF(C$12:C$108,">0") -> 37 | D2: =COUNTIF(D$12:D$108,">0") -> 37 | E2: =COUNTIF(E$12:E$108,">0") -> 37 | F2: =COUNTIF(F$12:F$108,">0") -> 37 | G2: =COUNTIF(G$12:G$108,">0") -> 39 | H2: =COUNTIF(H$12:H$108,">0") -> 39 | I2: =COUNTIF(I$12:I$108,">0") -> 41 | ... BN2: =COUNTIF(BN$12:BN$108,">0") -> 58
A3: # Retained vs 12mo prior | B3: n/a | C3: n/a | D3: n/a | E3: n/a | F3: n/a | G3: n/a | H3: n/a | I3: n/a | J3: n/a | K3: n/a | L3: n/a | M3: n/a | N3: =SUMPRODUCT((N$12:N$108>0)*(B$12:B$108>0)) -> 31 | O3: =SUMPRODUCT((O$12:O$108>0)*(C$12:C$108>0)) -> 31 | P3: =SUMPRODUCT((P$12:P$108>0)*(D$12:D$108>0)) -> 30 | Q3: =SUMPRODUCT((Q$12:Q$108>0)*(E$12:E$108>0)) -> 30 | R3: =SUMPRODUCT((R$12:R$108>0)*(F$12:F$108>0)) -> 30 | S3: =SUMPRODUCT((S$12:S$108>0)*(G$12:G$108>0)) -> 32 | T3: =SUMPRODUCT((T$12:T$108>0)*(H$12:H$108>0)) -> 33 | U3: =SUMPRODUCT((U$12:U$108>0)*(I$12:I$108>0)) -> 33 | ... BN3: =SUMPRODUCT((BN$12:BN$108>0)*(BB$12:BB$108>0)) -> 58
A12: ='Raw Data'!A12 -> Local Account #1 from CA | B12: =IF('Raw Data'!G12="",0,'Raw Data'!G12) -> 0 | C12: =IF('Raw Data'!H12="",0,'Raw Data'!H12) -> 0 | D12: =IF('Raw Data'!I12="",0,'Raw Data'!I12) -> 0 | E12: =IF('Raw Data'!J12="",0,'Raw Data'!J12) -> 0 | F12: =IF('Raw Data'!K12="",0,'Raw Data'!K12) -> 0 | G12: =IF('Raw Data'!L12="",0,'Raw Data'!L12) -> 0 | H12: =IF('Raw Data'!M12="",0,'Raw Data'!M12) -> 0 | I12: =IF('Raw Data'!N12="",0,'Raw Data'!N12) -> 0 | ... BN12: =IF('Raw Data'!BS12="",0,'Raw Data'!BS12) -> 8236.25 | BO12: =FALSE() -> FALSE
A13: ='Raw Data'!A21 -> Local Account #10 from MI | B13: =IF('Raw Data'!G21="",0,'Raw Data'!G21) -> 0 | C13: =IF('Raw Data'!H21="",0,'Raw Data'!H21) -> 0 | D13: =IF('Raw Data'!I21="",0,'Raw Data'!I21) -> 0 | E13: =IF('Raw Data'!J21="",0,'Raw Data'!J21) -> 682 | F13: =IF('Raw Data'!K21="",0,'Raw Data'!K21) -> 682 | G13: =IF('Raw Data'!L21="",0,'Raw Data'!L21) -> 682 | H13: =IF('Raw Data'!M21="",0,'Raw Data'!M21) -> 682 | I13: =IF('Raw Data'!N21="",0,'Raw Data'!N21) -> 8362.75 | ... BN13: =IF('Raw Data'!BS21="",0,'Raw Data'!BS21) -> 0 | BO13: =FALSE() -> FALSE
A14: ='Raw Data'!A22 -> Local Account #11 from MN | B14: =IF('Raw Data'!G22="",0,'Raw Data'!G22) -> 0 | C14: =IF('Raw Data'!H22="",0,'Raw Data'!H22) -> 0 | D14: =IF('Raw Data'!I22="",0,'Raw Data'!I22) -> 0 | E14: =IF('Raw Data'!J22="",0,'Raw Data'!J22) -> 0 | F14: =IF('Raw Data'!K22="",0,'Raw Data'!K22) -> 0 | G14: =IF('Raw Data'!L22="",0,'Raw Data'!L22) -> 0 | H14: =IF('Raw Data'!M22="",0,'Raw Data'!M22) -> 0 | I14: =IF('Raw Data'!N22="",0,'Raw Data'!N22) -> 0 | ... BN14: =IF('Raw Data'!BS22="",0,'Raw Data'!BS22) -> 3750 | BO14: =FALSE() -> FALSE
A15: ='Raw Data'!A24 -> Local Account #13 from FL | B15: =IF('Raw Data'!G24="",0,'Raw Data'!G24) -> 333.33333 | C15: =IF('Raw Data'!H24="",0,'Raw Data'!H24) -> 333.33333 | D15: =IF('Raw Data'!I24="",0,'Raw Data'!I24) -> 333.33333 | E15: =IF('Raw Data'!J24="",0,'Raw Data'!J24) -> 333.33333 | F15: =IF('Raw Data'!K24="",0,'Raw Data'!K24) -> 333.33333 | G15: =IF('Raw Data'!L24="",0,'Raw Data'!L24) -> 333.33333 | H15: =IF('Raw Data'!M24="",0,'Raw Data'!M24) -> 333.33333 | I15: =IF('Raw Data'!N24="",0,'Raw Data'!N24) -> 333.33333 | ... BN15: =IF('Raw Data'!BS24="",0,'Raw Data'!BS24) -> 437.5 | BO15: =FALSE() -> FALSE
A16: ='Raw Data'!A13 -> Local Account #2 from CA | B16: =IF('Raw Data'!G13="",0,'Raw Data'!G13) -> 0 | C16: =IF('Raw Data'!H13="",0,'Raw Data'!H13) -> 0 | D16: =IF('Raw Data'!I13="",0,'Raw Data'!I13) -> 0 | E16: =IF('Raw Data'!J13="",0,'Raw Data'!J13) -> 0 | F16: =IF('Raw Data'!K13="",0,'Raw Data'!K13) -> 0 | G16: =IF('Raw Data'!L13="",0,'Raw Data'!L13) -> 0 | H16: =IF('Raw Data'!M13="",0,'Raw Data'!M13) -> 0 | I16: =IF('Raw Data'!N13="",0,'Raw Data'!N13) -> 0 | ... BN16: =IF('Raw Data'!BS13="",0,'Raw Data'!BS13) -> 0 | BO16: =FALSE() -> FALSE
A17: ='Raw Data'!A32 -> Local Account #22 from FL | B17: =IF('Raw Data'!G32="",0,'Raw Data'!G32) -> 3750 | C17: =IF('Raw Data'!H32="",0,'Raw Data'!H32) -> 3750 | D17: =IF('Raw Data'!I32="",0,'Raw Data'!I32) -> 3750 | E17: =IF('Raw Data'!J32="",0,'Raw Data'!J32) -> 3750 | F17: =IF('Raw Data'!K32="",0,'Raw Data'!K32) -> 3750 | G17: =IF('Raw Data'!L32="",0,'Raw Data'!L32) -> 3750 | H17: =IF('Raw Data'!M32="",0,'Raw Data'!M32) -> 3750 | I17: =IF('Raw Data'!N32="",0,'Raw Data'!N32) -> 3750 | ... BN17: =IF('Raw Data'!BS32="",0,'Raw Data'!BS32) -> 0 | BO17: =FALSE() -> FALSE
A18: ='Raw Data'!A33 -> Local Account #23 from WA | B18: =IF('Raw Data'!G33="",0,'Raw Data'!G33) -> 516.66667 | C18: =IF('Raw Data'!H33="",0,'Raw Data'!H33) -> 516.66667 | D18: =IF('Raw Data'!I33="",0,'Raw Data'!I33) -> 516.66667 | E18: =IF('Raw Data'!J33="",0,'Raw Data'!J33) -> 516.66667 | F18: =IF('Raw Data'!K33="",0,'Raw Data'!K33) -> 516.66667 | G18: =IF('Raw Data'!L33="",0,'Raw Data'!L33) -> 516.66667 | H18: =IF('Raw Data'!M33="",0,'Raw Data'!M33) -> 516.66667 | I18: =IF('Raw Data'!N33="",0,'Raw Data'!N33) -> 516.66667 | ... BN18: =IF('Raw Data'!BS33="",0,'Raw Data'!BS33) -> 0 | BO18: =FALSE() -> FALSE
A19: ='Raw Data'!A34 -> Local Account #24 from PA | B19: =IF('Raw Data'!G34="",0,'Raw Data'!G34) -> 0 | C19: =IF('Raw Data'!H34="",0,'Raw Data'!H34) -> 0 | D19: =IF('Raw Data'!I34="",0,'Raw Data'!I34) -> 0 | E19: =IF('Raw Data'!J34="",0,'Raw Data'!J34) -> 0 | F19: =IF('Raw Data'!K34="",0,'Raw Data'!K34) -> 0 | G19: =IF('Raw Data'!L34="",0,'Raw Data'!L34) -> 0 | H19: =IF('Raw Data'!M34="",0,'Raw Data'!M34) -> 125 | I19: =IF('Raw Data'!N34="",0,'Raw Data'!N34) -> 125 | ... BN19: =IF('Raw Data'!BS34="",0,'Raw Data'!BS34) -> 125 | BO19: =FALSE() -> FALSE
A20: ='Raw Data'!A35 -> Local Account #25 from AZ | B20: =IF('Raw Data'!G35="",0,'Raw Data'!G35) -> 437.5 | C20: =IF('Raw Data'!H35="",0,'Raw Data'!H35) -> 437.5 | D20: =IF('Raw Data'!I35="",0,'Raw Data'!I35) -> 437.5 | E20: =IF('Raw Data'!J35="",0,'Raw Data'!J35) -> 437.5 | F20: =IF('Raw Data'!K35="",0,'Raw Data'!K35) -> 437.5 | G20: =IF('Raw Data'!L35="",0,'Raw Data'!L35) -> 437.5 | H20: =IF('Raw Data'!M35="",0,'Raw Data'!M35) -> 437.5 | I20: =IF('Raw Data'!N35="",0,'Raw Data'!N35) -> 437.5 | ... BN20: =IF('Raw Data'!BS35="",0,'Raw Data'!BS35) -> 0 | BO20: =FALSE() -> FALSE
A21: ='Raw Data'!A36 -> Local Account #26 from MI | B21: =IF('Raw Data'!G36="",0,'Raw Data'!G36) -> 600 | C21: =IF('Raw Data'!H36="",0,'Raw Data'!H36) -> 600 | D21: =IF('Raw Data'!I36="",0,'Raw Data'!I36) -> 600 | E21: =IF('Raw Data'!J36="",0,'Raw Data'!J36) -> 600 | F21: =IF('Raw Data'!K36="",0,'Raw Data'!K36) -> 600 | G21: =IF('Raw Data'!L36="",0,'Raw Data'!L36) -> 600 | H21: =IF('Raw Data'!M36="",0,'Raw Data'!M36) -> 600 | I21: =IF('Raw Data'!N36="",0,'Raw Data'!N36) -> 600 | ... BN21: =IF('Raw Data'!BS36="",0,'Raw Data'!BS36) -> 0 | BO21: =FALSE() -> FALSE
A22: ='Raw Data'!A37 -> Local Account #27 from CA | B22: =IF('Raw Data'!G37="",0,'Raw Data'!G37) -> 400 | C22: =IF('Raw Data'!H37="",0,'Raw Data'!H37) -> 400 | D22: =IF('Raw Data'!I37="",0,'Raw Data'!I37) -> 400 | E22: =IF('Raw Data'!J37="",0,'Raw Data'!J37) -> 400 | F22: =IF('Raw Data'!K37="",0,'Raw Data'!K37) -> 400 | G22: =IF('Raw Data'!L37="",0,'Raw Data'!L37) -> 400 | H22: =IF('Raw Data'!M37="",0,'Raw Data'!M37) -> 400 | I22: =IF('Raw Data'!N37="",0,'Raw Data'!N37) -> 400 | ... BN22: =IF('Raw Data'!BS37="",0,'Raw Data'!BS37) -> 900 | BO22: =FALSE() -> FALSE
A23: ='Raw Data'!A38 -> Local Account #28 from CA | B23: =IF('Raw Data'!G38="",0,'Raw Data'!G38) -> 2725 | C23: =IF('Raw Data'!H38="",0,'Raw Data'!H38) -> 2725 | D23: =IF('Raw Data'!I38="",0,'Raw Data'!I38) -> 2725 | E23: =IF('Raw Data'!J38="",0,'Raw Data'!J38) -> 2725 | F23: =IF('Raw Data'!K38="",0,'Raw Data'!K38) -> 2725 | G23: =IF('Raw Data'!L38="",0,'Raw Data'!L38) -> 2725 | H23: =IF('Raw Data'!M38="",0,'Raw Data'!M38) -> 900 | I23: =IF('Raw Data'!N38="",0,'Raw Data'!N38) -> 900 | ... BN23: =IF('Raw Data'!BS38="",0,'Raw Data'!BS38) -> 150 | BO23: =FALSE() -> FALSE
A24: ='Raw Data'!A39 -> Local Account #29 from CA | B24: =IF('Raw Data'!G39="",0,'Raw Data'!G39) -> 0 | C24: =IF('Raw Data'!H39="",0,'Raw Data'!H39) -> 0 | D24: =IF('Raw Data'!I39="",0,'Raw Data'!I39) -> 0 | E24: =IF('Raw Data'!J39="",0,'Raw Data'!J39) -> 0 | F24: =IF('Raw Data'!K39="",0,'Raw Data'!K39) -> 0 | G24: =IF('Raw Data'!L39="",0,'Raw Data'!L39) -> 0 | H24: =IF('Raw Data'!M39="",0,'Raw Data'!M39) -> 0 | I24: =IF('Raw Data'!N39="",0,'Raw Data'!N39) -> 0 | ... BN24: =IF('Raw Data'!BS39="",0,'Raw Data'!BS39) -> 15383.333 | BO24: =FALSE() -> FALSE
A25: ='Raw Data'!A14 -> Local Account #3 from MI | B25: =IF('Raw Data'!G14="",0,'Raw Data'!G14) -> 0 | C25: =IF('Raw Data'!H14="",0,'Raw Data'!H14) -> 0 | D25: =IF('Raw Data'!I14="",0,'Raw Data'!I14) -> 0 | E25: =IF('Raw Data'!J14="",0,'Raw Data'!J14) -> 0 | F25: =IF('Raw Data'!K14="",0,'Raw Data'!K14) -> 0 | G25: =IF('Raw Data'!L14="",0,'Raw Data'!L14) -> 0 | H25: =IF('Raw Data'!M14="",0,'Raw Data'!M14) -> 0 | I25: =IF('Raw Data'!N14="",0,'Raw Data'!N14) -> 0 | ... BN25: =IF('Raw Data'!BS14="",0,'Raw Data'!BS14) -> 13239.583 | BO25: =FALSE() -> FALSE
A26: ='Raw Data'!A40 -> Local Account #30 from OR | B26: =IF('Raw Data'!G40="",0,'Raw Data'!G40) -> 0 | C26: =IF('Raw Data'!H40="",0,'Raw Data'!H40) -> 0 | D26: =IF('Raw Data'!I40="",0,'Raw Data'!I40) -> 0 | E26: =IF('Raw Data'!J40="",0,'Raw Data'!J40) -> 0 | F26: =IF('Raw Data'!K40="",0,'Raw Data'!K40) -> 0 | G26: =IF('Raw Data'!L40="",0,'Raw Data'!L40) -> 0 | H26: =IF('Raw Data'!M40="",0,'Raw Data'!M40) -> 0 | I26: =IF('Raw Data'!N40="",0,'Raw Data'!N40) -> 0 | ... BN26: =IF('Raw Data'!BS40="",0,'Raw Data'!BS40) -> 137.5 | BO26: =FALSE() -> FALSE
A27: ='Raw Data'!A41 -> Local Account #31 from CA | B27: =IF('Raw Data'!G41="",0,'Raw Data'!G41) -> 0 | C27: =IF('Raw Data'!H41="",0,'Raw Data'!H41) -> 0 | D27: =IF('Raw Data'!I41="",0,'Raw Data'!I41) -> 0 | E27: =IF('Raw Data'!J41="",0,'Raw Data'!J41) -> 0 | F27: =IF('Raw Data'!K41="",0,'Raw Data'!K41) -> 0 | G27: =IF('Raw Data'!L41="",0,'Raw Data'!L41) -> 0 | H27: =IF('Raw Data'!M41="",0,'Raw Data'!M41) -> 0 | I27: =IF('Raw Data'!N41="",0,'Raw Data'!N41) -> 0 | ... BN27: =IF('Raw Data'!BS41="",0,'Raw Data'!BS41) -> 1500 | BO27: =FALSE() -> FALSE
A28: ='Raw Data'!A42 -> Local Account #32 from CA | B28: =IF('Raw Data'!G42="",0,'Raw Data'!G42) -> 0 | C28: =IF('Raw Data'!H42="",0,'Raw Data'!H42) -> 0 | D28: =IF('Raw Data'!I42="",0,'Raw Data'!I42) -> 0 | E28: =IF('Raw Data'!J42="",0,'Raw Data'!J42) -> 0 | F28: =IF('Raw Data'!K42="",0,'Raw Data'!K42) -> 0 | G28: =IF('Raw Data'!L42="",0,'Raw Data'!L42) -> 0 | H28: =IF('Raw Data'!M42="",0,'Raw Data'!M42) -> 0 | I28: =IF('Raw Data'!N42="",0,'Raw Data'!N42) -> 0 | ... BN28: =IF('Raw Data'!BS42="",0,'Raw Data'!BS42) -> 122.2225 | BO28: =FALSE() -> FALSE
A29: ='Raw Data'!A43 -> Local Account #33 from CA | B29: =IF('Raw Data'!G43="",0,'Raw Data'!G43) -> 0 | C29: =IF('Raw Data'!H43="",0,'Raw Data'!H43) -> 0 | D29: =IF('Raw Data'!I43="",0,'Raw Data'!I43) -> 0 | E29: =IF('Raw Data'!J43="",0,'Raw Data'!J43) -> 0 | F29: =IF('Raw Data'!K43="",0,'Raw Data'!K43) -> 0 | G29: =IF('Raw Data'!L43="",0,'Raw Data'!L43) -> 0 | H29: =IF('Raw Data'!M43="",0,'Raw Data'!M43) -> 0 | I29: =IF('Raw Data'!N43="",0,'Raw Data'!N43) -> 0 | ... BN29: =IF('Raw Data'!BS43="",0,'Raw Data'!BS43) -> 1266.6667 | BO29: =FALSE() -> FALSE
A30: ='Raw Data'!A44 -> Local Account #34 from MI | B30: =IF('Raw Data'!G44="",0,'Raw Data'!G44) -> 12737.983 | C30: =IF('Raw Data'!H44="",0,'Raw Data'!H44) -> 12737.983 | D30: =IF('Raw Data'!I44="",0,'Raw Data'!I44) -> 12737.983 | E30: =IF('Raw Data'!J44="",0,'Raw Data'!J44) -> 12737.983 | F30: =IF('Raw Data'!K44="",0,'Raw Data'!K44) -> 12737.983 | G30: =IF('Raw Data'!L44="",0,'Raw Data'!L44) -> 12737.983 | H30: =IF('Raw Data'!M44="",0,'Raw Data'!M44) -> 14875.483 | I30: =IF('Raw Data'!N44="",0,'Raw Data'!N44) -> 14875.483 | ... BN30: =IF('Raw Data'!BS44="",0,'Raw Data'!BS44) -> 20475 | BO30: =FALSE() -> FALSE
A31: ='Raw Data'!A45 -> Local Account #35 from OR | B31: =IF('Raw Data'!G45="",0,'Raw Data'!G45) -> 0 | C31: =IF('Raw Data'!H45="",0,'Raw Data'!H45) -> 0 | D31: =IF('Raw Data'!I45="",0,'Raw Data'!I45) -> 0 | E31: =IF('Raw Data'!J45="",0,'Raw Data'!J45) -> 0 | F31: =IF('Raw Data'!K45="",0,'Raw Data'!K45) -> 0 | G31: =IF('Raw Data'!L45="",0,'Raw Data'!L45) -> 0 | H31: =IF('Raw Data'!M45="",0,'Raw Data'!M45) -> 0 | I31: =IF('Raw Data'!N45="",0,'Raw Data'!N45) -> 0 | ... BN31: =IF('Raw Data'!BS45="",0,'Raw Data'!BS45) -> 122.66667 | BO31: =FALSE() -> FALSE
A32: ='Raw Data'!A46 -> Local Account #36 from CA | B32: =IF('Raw Data'!G46="",0,'Raw Data'!G46) -> 2537.5 | C32: =IF('Raw Data'!H46="",0,'Raw Data'!H46) -> 2537.5 | D32: =IF('Raw Data'!I46="",0,'Raw Data'!I46) -> 1280 | E32: =IF('Raw Data'!J46="",0,'Raw Data'!J46) -> 1280 | F32: =IF('Raw Data'!K46="",0,'Raw Data'!K46) -> 1280 | G32: =IF('Raw Data'!L46="",0,'Raw Data'!L46) -> 1280 | H32: =IF('Raw Data'!M46="",0,'Raw Data'!M46) -> 1280 | I32: =IF('Raw Data'!N46="",0,'Raw Data'!N46) -> 1280 | ... BN32: =IF('Raw Data'!BS46="",0,'Raw Data'!BS46) -> 0 | BO32: =FALSE() -> FALSE
A33: ='Raw Data'!A47 -> Local Account #37 from NC | B33: =IF('Raw Data'!G47="",0,'Raw Data'!G47) -> 0 | C33: =IF('Raw Data'!H47="",0,'Raw Data'!H47) -> 0 | D33: =IF('Raw Data'!I47="",0,'Raw Data'!I47) -> 0 | E33: =IF('Raw Data'!J47="",0,'Raw Data'!J47) -> 0 | F33: =IF('Raw Data'!K47="",0,'Raw Data'!K47) -> 0 | G33: =IF('Raw Data'!L47="",0,'Raw Data'!L47) -> 0 | H33: =IF('Raw Data'!M47="",0,'Raw Data'!M47) -> 0 | I33: =IF('Raw Data'!N47="",0,'Raw Data'!N47) -> 0 | ... BN33: =IF('Raw Data'!BS47="",0,'Raw Data'!BS47) -> 0 | BO33: =FALSE() -> FALSE
A34: ='Raw Data'!A48 -> Local Account #38 from CA | B34: =IF('Raw Data'!G48="",0,'Raw Data'!G48) -> 1466.6753 | C34: =IF('Raw Data'!H48="",0,'Raw Data'!H48) -> 1466.6753 | D34: =IF('Raw Data'!I48="",0,'Raw Data'!I48) -> 1466.6753 | E34: =IF('Raw Data'!J48="",0,'Raw Data'!J48) -> 1466.6753 | F34: =IF('Raw Data'!K48="",0,'Raw Data'!K48) -> 1466.6753 | G34: =IF('Raw Data'!L48="",0,'Raw Data'!L48) -> 1466.6667 | H34: =IF('Raw Data'!M48="",0,'Raw Data'!M48) -> 1800.0167 | I34: =IF('Raw Data'!N48="",0,'Raw Data'!N48) -> 1800.0167 | ... BN34: =IF('Raw Data'!BS48="",0,'Raw Data'!BS48) -> 5426.6133 | BO34: =FALSE() -> FALSE
A35: ='Raw Data'!A49 -> Local Account #39 from CA | B35: =IF('Raw Data'!G49="",0,'Raw Data'!G49) -> 0 | C35: =IF('Raw Data'!H49="",0,'Raw Data'!H49) -> 0 | D35: =IF('Raw Data'!I49="",0,'Raw Data'!I49) -> 0 | E35: =IF('Raw Data'!J49="",0,'Raw Data'!J49) -> 0 | F35: =IF('Raw Data'!K49="",0,'Raw Data'!K49) -> 0 | G35: =IF('Raw Data'!L49="",0,'Raw Data'!L49) -> 0 | H35: =IF('Raw Data'!M49="",0,'Raw Data'!M49) -> 0 | I35: =IF('Raw Data'!N49="",0,'Raw Data'!N49) -> 0 | ... BN35: =IF('Raw Data'!BS49="",0,'Raw Data'!BS49) -> 0 | BO35: =FALSE() -> FALSE
A36: ='Raw Data'!A15 -> Local Account #4 from CA | B36: =IF('Raw Data'!G15="",0,'Raw Data'!G15) -> 0 | C36: =IF('Raw Data'!H15="",0,'Raw Data'!H15) -> 0 | D36: =IF('Raw Data'!I15="",0,'Raw Data'!I15) -> 0 | E36: =IF('Raw Data'!J15="",0,'Raw Data'!J15) -> 0 | F36: =IF('Raw Data'!K15="",0,'Raw Data'!K15) -> 0 | G36: =IF('Raw Data'!L15="",0,'Raw Data'!L15) -> 0 | H36: =IF('Raw Data'!M15="",0,'Raw Data'!M15) -> 0 | I36: =IF('Raw Data'!N15="",0,'Raw Data'!N15) -> 0 | ... BN36: =IF('Raw Data'!BS15="",0,'Raw Data'!BS15) -> 5613.5 | BO36: =FALSE() -> FALSE
A37: ='Raw Data'!A50 -> Local Account #40 from OH | B37: =IF('Raw Data'!G50="",0,'Raw Data'!G50) -> 0 | C37: =IF('Raw Data'!H50="",0,'Raw Data'!H50) -> 0 | D37: =IF('Raw Data'!I50="",0,'Raw Data'!I50) -> 0 | E37: =IF('Raw Data'!J50="",0,'Raw Data'!J50) -> 0 | F37: =IF('Raw Data'!K50="",0,'Raw Data'!K50) -> 0 | G37: =IF('Raw Data'!L50="",0,'Raw Data'!L50) -> 0 | H37: =IF('Raw Data'!M50="",0,'Raw Data'!M50) -> 0 | I37: =IF('Raw Data'!N50="",0,'Raw Data'!N50) -> 0 | ... BN37: =IF('Raw Data'!BS50="",0,'Raw Data'!BS50) -> 0 | BO37: =FALSE() -> FALSE
A38: ='Raw Data'!A51 -> Local Account #41 from CA | B38: =IF('Raw Data'!G51="",0,'Raw Data'!G51) -> 2108.3333 | C38: =IF('Raw Data'!H51="",0,'Raw Data'!H51) -> 2941.6675 | D38: =IF('Raw Data'!I51="",0,'Raw Data'!I51) -> 2941.6675 | E38: =IF('Raw Data'!J51="",0,'Raw Data'!J51) -> 2941.6675 | F38: =IF('Raw Data'!K51="",0,'Raw Data'!K51) -> 2941.6675 | G38: =IF('Raw Data'!L51="",0,'Raw Data'!L51) -> 2941.6675 | H38: =IF('Raw Data'!M51="",0,'Raw Data'!M51) -> 2941.6675 | I38: =IF('Raw Data'!N51="",0,'Raw Data'!N51) -> 2941.6675 | ... BN38: =IF('Raw Data'!BS51="",0,'Raw Data'!BS51) -> 1108.3333 | BO38: =FALSE() -> FALSE
A39: ='Raw Data'!A53 -> Local Account #43 from VA | B39: =IF('Raw Data'!G53="",0,'Raw Data'!G53) -> 0 | C39: =IF('Raw Data'!H53="",0,'Raw Data'!H53) -> 0 | D39: =IF('Raw Data'!I53="",0,'Raw Data'!I53) -> 0 | E39: =IF('Raw Data'!J53="",0,'Raw Data'!J53) -> 0 | F39: =IF('Raw Data'!K53="",0,'Raw Data'!K53) -> 0 | G39: =IF('Raw Data'!L53="",0,'Raw Data'!L53) -> 0 | H39: =IF('Raw Data'!M53="",0,'Raw Data'!M53) -> 0 | I39: =IF('Raw Data'!N53="",0,'Raw Data'!N53) -> 0 | ... BN39: =IF('Raw Data'!BS53="",0,'Raw Data'!BS53) -> 0 | BO39: =FALSE() -> FALSE
A40: ='Raw Data'!A54 -> Local Account #44 from CA | B40: =IF('Raw Data'!G54="",0,'Raw Data'!G54) -> 0 | C40: =IF('Raw Data'!H54="",0,'Raw Data'!H54) -> 0 | D40: =IF('Raw Data'!I54="",0,'Raw Data'!I54) -> 0 | E40: =IF('Raw Data'!J54="",0,'Raw Data'!J54) -> 0 | F40: =IF('Raw Data'!K54="",0,'Raw Data'!K54) -> 0 | G40: =IF('Raw Data'!L54="",0,'Raw Data'!L54) -> 0 | H40: =IF('Raw Data'!M54="",0,'Raw Data'!M54) -> 0 | I40: =IF('Raw Data'!N54="",0,'Raw Data'!N54) -> 0 | ... BN40: =IF('Raw Data'!BS54="",0,'Raw Data'!BS54) -> 2060 | BO40: =FALSE() -> FALSE
A41: ='Raw Data'!A55 -> Local Account #45 from TX | B41: =IF('Raw Data'!G55="",0,'Raw Data'!G55) -> 0 | C41: =IF('Raw Data'!H55="",0,'Raw Data'!H55) -> 0 | D41: =IF('Raw Data'!I55="",0,'Raw Data'!I55) -> 0 | E41: =IF('Raw Data'!J55="",0,'Raw Data'!J55) -> 0 | F41: =IF('Raw Data'!K55="",0,'Raw Data'!K55) -> 0 | G41: =IF('Raw Data'!L55="",0,'Raw Data'!L55) -> 0 | H41: =IF('Raw Data'!M55="",0,'Raw Data'!M55) -> 0 | I41: =IF('Raw Data'!N55="",0,'Raw Data'!N55) -> 0 | ... BN41: =IF('Raw Data'!BS55="",0,'Raw Data'!BS55) -> 0 | BO41: =FALSE() -> FALSE
A42: ='Raw Data'!A56 -> Local Account #46 from CA | B42: =IF('Raw Data'!G56="",0,'Raw Data'!G56) -> 800 | C42: =IF('Raw Data'!H56="",0,'Raw Data'!H56) -> 800 | D42: =IF('Raw Data'!I56="",0,'Raw Data'!I56) -> 800 | E42: =IF('Raw Data'!J56="",0,'Raw Data'!J56) -> 1000 | F42: =IF('Raw Data'!K56="",0,'Raw Data'!K56) -> 1000 | G42: =IF('Raw Data'!L56="",0,'Raw Data'!L56) -> 1000 | H42: =IF('Raw Data'!M56="",0,'Raw Data'!M56) -> 1000 | I42: =IF('Raw Data'!N56="",0,'Raw Data'!N56) -> 1000 | ... BN42: =IF('Raw Data'!BS56="",0,'Raw Data'!BS56) -> 900 | BO42: =FALSE() -> FALSE
A43: ='Raw Data'!A57 -> Local Account #47 from NY | B43: =IF('Raw Data'!G57="",0,'Raw Data'!G57) -> 291.66667 | C43: =IF('Raw Data'!H57="",0,'Raw Data'!H57) -> 291.66667 | D43: =IF('Raw Data'!I57="",0,'Raw Data'!I57) -> 291.66667 | E43: =IF('Raw Data'!J57="",0,'Raw Data'!J57) -> 291.66667 | F43: =IF('Raw Data'!K57="",0,'Raw Data'!K57) -> 291.66667 | G43: =IF('Raw Data'!L57="",0,'Raw Data'!L57) -> 291.66667 | H43: =IF('Raw Data'!M57="",0,'Raw Data'!M57) -> 291.66667 | I43: =IF('Raw Data'!N57="",0,'Raw Data'!N57) -> 291.66667 | ... BN43: =IF('Raw Data'!BS57="",0,'Raw Data'!BS57) -> 350 | BO43: =FALSE() -> FALSE
A44: ='Raw Data'!A58 -> Local Account #48 from IL | B44: =IF('Raw Data'!G58="",0,'Raw Data'!G58) -> 0 | C44: =IF('Raw Data'!H58="",0,'Raw Data'!H58) -> 0 | D44: =IF('Raw Data'!I58="",0,'Raw Data'!I58) -> 0 | E44: =IF('Raw Data'!J58="",0,'Raw Data'!J58) -> 0 | F44: =IF('Raw Data'!K58="",0,'Raw Data'!K58) -> 0 | G44: =IF('Raw Data'!L58="",0,'Raw Data'!L58) -> 0 | H44: =IF('Raw Data'!M58="",0,'Raw Data'!M58) -> 5100 | I44: =IF('Raw Data'!N58="",0,'Raw Data'!N58) -> 5100 | ... BN44: =IF('Raw Data'!BS58="",0,'Raw Data'!BS58) -> 1700 | BO44: =FALSE() -> FALSE
A45: ='Raw Data'!A59 -> Local Account #49 from KY | B45: =IF('Raw Data'!G59="",0,'Raw Data'!G59) -> 0 | C45: =IF('Raw Data'!H59="",0,'Raw Data'!H59) -> 0 | D45: =IF('Raw Data'!I59="",0,'Raw Data'!I59) -> 0 | E45: =IF('Raw Data'!J59="",0,'Raw Data'!J59) -> 0 | F45: =IF('Raw Data'!K59="",0,'Raw Data'!K59) -> 0 | G45: =IF('Raw Data'!L59="",0,'Raw Data'!L59) -> 0 | H45: =IF('Raw Data'!M59="",0,'Raw Data'!M59) -> 0 | I45: =IF('Raw Data'!N59="",0,'Raw Data'!N59) -> 0 | ... BN45: =IF('Raw Data'!BS59="",0,'Raw Data'!BS59) -> 16970 | BO45: =FALSE() -> FALSE
A46: ='Raw Data'!A16 -> Local Account #5 from OH | B46: =IF('Raw Data'!G16="",0,'Raw Data'!G16) -> 0 | C46: =IF('Raw Data'!H16="",0,'Raw Data'!H16) -> 0 | D46: =IF('Raw Data'!I16="",0,'Raw Data'!I16) -> 0 | E46: =IF('Raw Data'!J16="",0,'Raw Data'!J16) -> 0 | F46: =IF('Raw Data'!K16="",0,'Raw Data'!K16) -> 0 | G46: =IF('Raw Data'!L16="",0,'Raw Data'!L16) -> 0 | H46: =IF('Raw Data'!M16="",0,'Raw Data'!M16) -> 0 | I46: =IF('Raw Data'!N16="",0,'Raw Data'!N16) -> 0 | ... BN46: =IF('Raw Data'!BS16="",0,'Raw Data'!BS16) -> 825 | BO46: =FALSE() -> FALSE
A47: ='Raw Data'!A60 -> Local Account #50 from MI | B47: =IF('Raw Data'!G60="",0,'Raw Data'!G60) -> 5295.8333 | C47: =IF('Raw Data'!H60="",0,'Raw Data'!H60) -> 5618.7333 | D47: =IF('Raw Data'!I60="",0,'Raw Data'!I60) -> 5618.7333 | E47: =IF('Raw Data'!J60="",0,'Raw Data'!J60) -> 5618.7333 | F47: =IF('Raw Data'!K60="",0,'Raw Data'!K60) -> 5618.7333 | G47: =IF('Raw Data'!L60="",0,'Raw Data'!L60) -> 5618.7333 | H47: =IF('Raw Data'!M60="",0,'Raw Data'!M60) -> 5618.7333 | I47: =IF('Raw Data'!N60="",0,'Raw Data'!N60) -> 5618.7333 | ... BN47: =IF('Raw Data'!BS60="",0,'Raw Data'!BS60) -> 3333.3333 | BO47: =FALSE() -> FALSE
A48: ='Raw Data'!A61 -> Local Account #51 from CA | B48: =IF('Raw Data'!G61="",0,'Raw Data'!G61) -> 1866.47 | C48: =IF('Raw Data'!H61="",0,'Raw Data'!H61) -> 1866.47 | D48: =IF('Raw Data'!I61="",0,'Raw Data'!I61) -> 1866.47 | E48: =IF('Raw Data'!J61="",0,'Raw Data'!J61) -> 1866.47 | F48: =IF('Raw Data'!K61="",0,'Raw Data'!K61) -> 1866.47 | G48: =IF('Raw Data'!L61="",0,'Raw Data'!L61) -> 1866.47 | H48: =IF('Raw Data'!M61="",0,'Raw Data'!M61) -> 50 | I48: =IF('Raw Data'!N61="",0,'Raw Data'!N61) -> 50 | ... BN48: =IF('Raw Data'!BS61="",0,'Raw Data'!BS61) -> 0 | BO48: =FALSE() -> FALSE
A49: ='Raw Data'!A62 -> Local Account #52 from CA | B49: =IF('Raw Data'!G62="",0,'Raw Data'!G62) -> 0 | C49: =IF('Raw Data'!H62="",0,'Raw Data'!H62) -> 0 | D49: =IF('Raw Data'!I62="",0,'Raw Data'!I62) -> 0 | E49: =IF('Raw Data'!J62="",0,'Raw Data'!J62) -> 0 | F49: =IF('Raw Data'!K62="",0,'Raw Data'!K62) -> 0 | G49: =IF('Raw Data'!L62="",0,'Raw Data'!L62) -> 0 | H49: =IF('Raw Data'!M62="",0,'Raw Data'!M62) -> 0 | I49: =IF('Raw Data'!N62="",0,'Raw Data'!N62) -> 200.01 | ... BN49: =IF('Raw Data'!BS62="",0,'Raw Data'!BS62) -> 0 | BO49: =FALSE() -> FALSE
A50: ='Raw Data'!A63 -> Local Account #53 from CA | B50: =IF('Raw Data'!G63="",0,'Raw Data'!G63) -> 225 | C50: =IF('Raw Data'!H63="",0,'Raw Data'!H63) -> 225 | D50: =IF('Raw Data'!I63="",0,'Raw Data'!I63) -> 225 | E50: =IF('Raw Data'!J63="",0,'Raw Data'!J63) -> 225 | F50: =IF('Raw Data'!K63="",0,'Raw Data'!K63) -> 225 | G50: =IF('Raw Data'!L63="",0,'Raw Data'!L63) -> 225 | H50: =IF('Raw Data'!M63="",0,'Raw Data'!M63) -> 0 | I50: =IF('Raw Data'!N63="",0,'Raw Data'!N63) -> 0 | ... BN50: =IF('Raw Data'!BS63="",0,'Raw Data'!BS63) -> 0 | BO50: =FALSE() -> FALSE
A51: ='Raw Data'!A64 -> Local Account #54 from CA | B51: =IF('Raw Data'!G64="",0,'Raw Data'!G64) -> 4750 | C51: =IF('Raw Data'!H64="",0,'Raw Data'!H64) -> 4750 | D51: =IF('Raw Data'!I64="",0,'Raw Data'!I64) -> 4750 | E51: =IF('Raw Data'!J64="",0,'Raw Data'!J64) -> 4750 | F51: =IF('Raw Data'!K64="",0,'Raw Data'!K64) -> 4750 | G51: =IF('Raw Data'!L64="",0,'Raw Data'!L64) -> 4750 | H51: =IF('Raw Data'!M64="",0,'Raw Data'!M64) -> 6000 | I51: =IF('Raw Data'!N64="",0,'Raw Data'!N64) -> 6000 | ... BN51: =IF('Raw Data'!BS64="",0,'Raw Data'!BS64) -> 0 | BO51: =FALSE() -> FALSE
A52: ='Raw Data'!A65 -> Local Account #55 from OH | B52: =IF('Raw Data'!G65="",0,'Raw Data'!G65) -> 0 | C52: =IF('Raw Data'!H65="",0,'Raw Data'!H65) -> 0 | D52: =IF('Raw Data'!I65="",0,'Raw Data'!I65) -> 0 | E52: =IF('Raw Data'!J65="",0,'Raw Data'!J65) -> 0 | F52: =IF('Raw Data'!K65="",0,'Raw Data'!K65) -> 0 | G52: =IF('Raw Data'!L65="",0,'Raw Data'!L65) -> 0 | H52: =IF('Raw Data'!M65="",0,'Raw Data'!M65) -> 0 | I52: =IF('Raw Data'!N65="",0,'Raw Data'!N65) -> 0 | ... BN52: =IF('Raw Data'!BS65="",0,'Raw Data'!BS65) -> 0 | BO52: =FALSE() -> FALSE
A53: ='Raw Data'!A66 -> Local Account #56 from CA | B53: =IF('Raw Data'!G66="",0,'Raw Data'!G66) -> 1050 | C53: =IF('Raw Data'!H66="",0,'Raw Data'!H66) -> 1050 | D53: =IF('Raw Data'!I66="",0,'Raw Data'!I66) -> 1050 | E53: =IF('Raw Data'!J66="",0,'Raw Data'!J66) -> 1050 | F53: =IF('Raw Data'!K66="",0,'Raw Data'!K66) -> 1050 | G53: =IF('Raw Data'!L66="",0,'Raw Data'!L66) -> 1050 | H53: =IF('Raw Data'!M66="",0,'Raw Data'!M66) -> 1200 | I53: =IF('Raw Data'!N66="",0,'Raw Data'!N66) -> 1200 | ... BN53: =IF('Raw Data'!BS66="",0,'Raw Data'!BS66) -> 700 | BO53: =FALSE() -> FALSE
A54: ='Raw Data'!A67 -> Local Account #57 from CA | B54: =IF('Raw Data'!G67="",0,'Raw Data'!G67) -> 400 | C54: =IF('Raw Data'!H67="",0,'Raw Data'!H67) -> 400 | D54: =IF('Raw Data'!I67="",0,'Raw Data'!I67) -> 400 | E54: =IF('Raw Data'!J67="",0,'Raw Data'!J67) -> 1000 | F54: =IF('Raw Data'!K67="",0,'Raw Data'!K67) -> 1000 | G54: =IF('Raw Data'!L67="",0,'Raw Data'!L67) -> 1000 | H54: =IF('Raw Data'!M67="",0,'Raw Data'!M67) -> 900 | I54: =IF('Raw Data'!N67="",0,'Raw Data'!N67) -> 900 | ... BN54: =IF('Raw Data'!BS67="",0,'Raw Data'!BS67) -> 0 | BO54: =FALSE() -> FALSE
A55: ='Raw Data'!A68 -> Local Account #58 from TN | B55: =IF('Raw Data'!G68="",0,'Raw Data'!G68) -> 1033.4167 | C55: =IF('Raw Data'!H68="",0,'Raw Data'!H68) -> 1033.4167 | D55: =IF('Raw Data'!I68="",0,'Raw Data'!I68) -> 1033.4167 | E55: =IF('Raw Data'!J68="",0,'Raw Data'!J68) -> 1033.4167 | F55: =IF('Raw Data'!K68="",0,'Raw Data'!K68) -> 1033.4167 | G55: =IF('Raw Data'!L68="",0,'Raw Data'!L68) -> 1033.4167 | H55: =IF('Raw Data'!M68="",0,'Raw Data'!M68) -> 1033.4167 | I55: =IF('Raw Data'!N68="",0,'Raw Data'!N68) -> 1033.4167 | ... BN55: =IF('Raw Data'!BS68="",0,'Raw Data'!BS68) -> 0 | BO55: =FALSE() -> FALSE
A56: ='Raw Data'!A69 -> Local Account #59 from TN | B56: =IF('Raw Data'!G69="",0,'Raw Data'!G69) -> 0 | C56: =IF('Raw Data'!H69="",0,'Raw Data'!H69) -> 0 | D56: =IF('Raw Data'!I69="",0,'Raw Data'!I69) -> 0 | E56: =IF('Raw Data'!J69="",0,'Raw Data'!J69) -> 0 | F56: =IF('Raw Data'!K69="",0,'Raw Data'!K69) -> 0 | G56: =IF('Raw Data'!L69="",0,'Raw Data'!L69) -> 0 | H56: =IF('Raw Data'!M69="",0,'Raw Data'!M69) -> 0 | I56: =IF('Raw Data'!N69="",0,'Raw Data'!N69) -> 0 | ... BN56: =IF('Raw Data'!BS69="",0,'Raw Data'!BS69) -> 158.70118 | BO56: =FALSE() -> FALSE
A57: ='Raw Data'!A17 -> Local Account #6 from GA | B57: =IF('Raw Data'!G17="",0,'Raw Data'!G17) -> 2266.6667 | C57: =IF('Raw Data'!H17="",0,'Raw Data'!H17) -> 2266.6667 | D57: =IF('Raw Data'!I17="",0,'Raw Data'!I17) -> 2266.6667 | E57: =IF('Raw Data'!J17="",0,'Raw Data'!J17) -> 2266.6667 | F57: =IF('Raw Data'!K17="",0,'Raw Data'!K17) -> 2266.6667 | G57: =IF('Raw Data'!L17="",0,'Raw Data'!L17) -> 2600.0167 | H57: =IF('Raw Data'!M17="",0,'Raw Data'!M17) -> 2600.0167 | I57: =IF('Raw Data'!N17="",0,'Raw Data'!N17) -> 2600 | ... BN57: =IF('Raw Data'!BS17="",0,'Raw Data'!BS17) -> 0 | BO57: =FALSE() -> FALSE
A58: ='Raw Data'!A70 -> Local Account #60 from CA | B58: =IF('Raw Data'!G70="",0,'Raw Data'!G70) -> 0 | C58: =IF('Raw Data'!H70="",0,'Raw Data'!H70) -> 0 | D58: =IF('Raw Data'!I70="",0,'Raw Data'!I70) -> 0 | E58: =IF('Raw Data'!J70="",0,'Raw Data'!J70) -> 0 | F58: =IF('Raw Data'!K70="",0,'Raw Data'!K70) -> 0 | G58: =IF('Raw Data'!L70="",0,'Raw Data'!L70) -> 0 | H58: =IF('Raw Data'!M70="",0,'Raw Data'!M70) -> 0 | I58: =IF('Raw Data'!N70="",0,'Raw Data'!N70) -> 0 | ... BN58: =IF('Raw Data'!BS70="",0,'Raw Data'!BS70) -> 466.66667 | BO58: =FALSE() -> FALSE
A59: ='Raw Data'!A71 -> Local Account #61 from NC | B59: =IF('Raw Data'!G71="",0,'Raw Data'!G71) -> 0 | C59: =IF('Raw Data'!H71="",0,'Raw Data'!H71) -> 0 | D59: =IF('Raw Data'!I71="",0,'Raw Data'!I71) -> 0 | E59: =IF('Raw Data'!J71="",0,'Raw Data'!J71) -> 0 | F59: =IF('Raw Data'!K71="",0,'Raw Data'!K71) -> 0 | G59: =IF('Raw Data'!L71="",0,'Raw Data'!L71) -> 0 | H59: =IF('Raw Data'!M71="",0,'Raw Data'!M71) -> 0 | I59: =IF('Raw Data'!N71="",0,'Raw Data'!N71) -> 0 | ... BN59: =IF('Raw Data'!BS71="",0,'Raw Data'!BS71) -> 0 | BO59: =FALSE() -> FALSE
A60: ='Raw Data'!A72 -> Local Account #62 from CA | B60: =IF('Raw Data'!G72="",0,'Raw Data'!G72) -> 400 | C60: =IF('Raw Data'!H72="",0,'Raw Data'!H72) -> 400 | D60: =IF('Raw Data'!I72="",0,'Raw Data'!I72) -> 400 | E60: =IF('Raw Data'!J72="",0,'Raw Data'!J72) -> 400 | F60: =IF('Raw Data'!K72="",0,'Raw Data'!K72) -> 400 | G60: =IF('Raw Data'!L72="",0,'Raw Data'!L72) -> 400 | H60: =IF('Raw Data'!M72="",0,'Raw Data'!M72) -> 400 | I60: =IF('Raw Data'!N72="",0,'Raw Data'!N72) -> 400 | ... BN60: =IF('Raw Data'!BS72="",0,'Raw Data'!BS72) -> 1200 | BO60: =FALSE() -> FALSE
A61: ='Raw Data'!A73 -> Local Account #63 from KY | B61: =IF('Raw Data'!G73="",0,'Raw Data'!G73) -> 0 | C61: =IF('Raw Data'!H73="",0,'Raw Data'!H73) -> 0 | D61: =IF('Raw Data'!I73="",0,'Raw Data'!I73) -> 0 | E61: =IF('Raw Data'!J73="",0,'Raw Data'!J73) -> 0 | F61: =IF('Raw Data'!K73="",0,'Raw Data'!K73) -> 0 | G61: =IF('Raw Data'!L73="",0,'Raw Data'!L73) -> 0 | H61: =IF('Raw Data'!M73="",0,'Raw Data'!M73) -> 0 | I61: =IF('Raw Data'!N73="",0,'Raw Data'!N73) -> 0 | ... BN61: =IF('Raw Data'!BS73="",0,'Raw Data'!BS73) -> 583.33333 | BO61: =FALSE() -> FALSE
A62: ='Raw Data'!A74 -> Local Account #64 from KY | B62: =IF('Raw Data'!G74="",0,'Raw Data'!G74) -> 0 | C62: =IF('Raw Data'!H74="",0,'Raw Data'!H74) -> 0 | D62: =IF('Raw Data'!I74="",0,'Raw Data'!I74) -> 0 | E62: =IF('Raw Data'!J74="",0,'Raw Data'!J74) -> 0 | F62: =IF('Raw Data'!K74="",0,'Raw Data'!K74) -> 0 | G62: =IF('Raw Data'!L74="",0,'Raw Data'!L74) -> 0 | H62: =IF('Raw Data'!M74="",0,'Raw Data'!M74) -> 0 | I62: =IF('Raw Data'!N74="",0,'Raw Data'!N74) -> 0 | ... BN62: =IF('Raw Data'!BS74="",0,'Raw Data'!BS74) -> 83.333333 | BO62: =FALSE() -> FALSE
A63: ='Raw Data'!A75 -> Local Account #65 from CT | B63: =IF('Raw Data'!G75="",0,'Raw Data'!G75) -> 800 | C63: =IF('Raw Data'!H75="",0,'Raw Data'!H75) -> 800 | D63: =IF('Raw Data'!I75="",0,'Raw Data'!I75) -> 800 | E63: =IF('Raw Data'!J75="",0,'Raw Data'!J75) -> 0 | F63: =IF('Raw Data'!K75="",0,'Raw Data'!K75) -> 0 | G63: =IF('Raw Data'!L75="",0,'Raw Data'!L75) -> 0 | H63: =IF('Raw Data'!M75="",0,'Raw Data'!M75) -> 0 | I63: =IF('Raw Data'!N75="",0,'Raw Data'!N75) -> 0 | ... BN63: =IF('Raw Data'!BS75="",0,'Raw Data'!BS75) -> 0 | BO63: =FALSE() -> FALSE
A64: ='Raw Data'!A76 -> Local Account #66 from CA | B64: =IF('Raw Data'!G76="",0,'Raw Data'!G76) -> 400 | C64: =IF('Raw Data'!H76="",0,'Raw Data'!H76) -> 400 | D64: =IF('Raw Data'!I76="",0,'Raw Data'!I76) -> 400 | E64: =IF('Raw Data'!J76="",0,'Raw Data'!J76) -> 1000 | F64: =IF('Raw Data'!K76="",0,'Raw Data'!K76) -> 1000 | G64: =IF('Raw Data'!L76="",0,'Raw Data'!L76) -> 1000 | H64: =IF('Raw Data'!M76="",0,'Raw Data'!M76) -> 900 | I64: =IF('Raw Data'!N76="",0,'Raw Data'!N76) -> 900 | ... BN64: =IF('Raw Data'!BS76="",0,'Raw Data'!BS76) -> 1000 | BO64: =FALSE() -> FALSE
A65: ='Raw Data'!A77 -> Local Account #67 from WA | B65: =IF('Raw Data'!G77="",0,'Raw Data'!G77) -> 0 | C65: =IF('Raw Data'!H77="",0,'Raw Data'!H77) -> 0 | D65: =IF('Raw Data'!I77="",0,'Raw Data'!I77) -> 0 | E65: =IF('Raw Data'!J77="",0,'Raw Data'!J77) -> 0 | F65: =IF('Raw Data'!K77="",0,'Raw Data'!K77) -> 0 | G65: =IF('Raw Data'!L77="",0,'Raw Data'!L77) -> 1875 | H65: =IF('Raw Data'!M77="",0,'Raw Data'!M77) -> 1875 | I65: =IF('Raw Data'!N77="",0,'Raw Data'!N77) -> 1875 | ... BN65: =IF('Raw Data'!BS77="",0,'Raw Data'!BS77) -> 5087.5 | BO65: =FALSE() -> FALSE
A66: ='Raw Data'!A78 -> Local Account #68 from FL | B66: =IF('Raw Data'!G78="",0,'Raw Data'!G78) -> 0 | C66: =IF('Raw Data'!H78="",0,'Raw Data'!H78) -> 0 | D66: =IF('Raw Data'!I78="",0,'Raw Data'!I78) -> 0 | E66: =IF('Raw Data'!J78="",0,'Raw Data'!J78) -> 0 | F66: =IF('Raw Data'!K78="",0,'Raw Data'!K78) -> 0 | G66: =IF('Raw Data'!L78="",0,'Raw Data'!L78) -> 0 | H66: =IF('Raw Data'!M78="",0,'Raw Data'!M78) -> 0 | I66: =IF('Raw Data'!N78="",0,'Raw Data'!N78) -> 0 | ... BN66: =IF('Raw Data'!BS78="",0,'Raw Data'!BS78) -> 125 | BO66: =FALSE() -> FALSE
A67: ='Raw Data'!A79 -> Local Account #69 from PA | B67: =IF('Raw Data'!G79="",0,'Raw Data'!G79) -> 1602.6 | C67: =IF('Raw Data'!H79="",0,'Raw Data'!H79) -> 1602.6 | D67: =IF('Raw Data'!I79="",0,'Raw Data'!I79) -> 1602.6 | E67: =IF('Raw Data'!J79="",0,'Raw Data'!J79) -> 1602.6 | F67: =IF('Raw Data'!K79="",0,'Raw Data'!K79) -> 1602.6 | G67: =IF('Raw Data'!L79="",0,'Raw Data'!L79) -> 1602.6 | H67: =IF('Raw Data'!M79="",0,'Raw Data'!M79) -> 1602.6 | I67: =IF('Raw Data'!N79="",0,'Raw Data'!N79) -> 1602.6 | ... BN67: =IF('Raw Data'!BS79="",0,'Raw Data'!BS79) -> 2259.2083 | BO67: =FALSE() -> FALSE
A68: ='Raw Data'!A18 -> Local Account #7 from MD | B68: =IF('Raw Data'!G18="",0,'Raw Data'!G18) -> 0 | C68: =IF('Raw Data'!H18="",0,'Raw Data'!H18) -> 0 | D68: =IF('Raw Data'!I18="",0,'Raw Data'!I18) -> 0 | E68: =IF('Raw Data'!J18="",0,'Raw Data'!J18) -> 0 | F68: =IF('Raw Data'!K18="",0,'Raw Data'!K18) -> 0 | G68: =IF('Raw Data'!L18="",0,'Raw Data'!L18) -> 0 | H68: =IF('Raw Data'!M18="",0,'Raw Data'!M18) -> 0 | I68: =IF('Raw Data'!N18="",0,'Raw Data'!N18) -> 0 | ... BN68: =IF('Raw Data'!BS18="",0,'Raw Data'!BS18) -> 703.10667 | BO68: =FALSE() -> FALSE
A69: ='Raw Data'!A80 -> Local Account #70 from PA | B69: =IF('Raw Data'!G80="",0,'Raw Data'!G80) -> 0 | C69: =IF('Raw Data'!H80="",0,'Raw Data'!H80) -> 0 | D69: =IF('Raw Data'!I80="",0,'Raw Data'!I80) -> 0 | E69: =IF('Raw Data'!J80="",0,'Raw Data'!J80) -> 0 | F69: =IF('Raw Data'!K80="",0,'Raw Data'!K80) -> 0 | G69: =IF('Raw Data'!L80="",0,'Raw Data'!L80) -> 0 | H69: =IF('Raw Data'!M80="",0,'Raw Data'!M80) -> 0 | I69: =IF('Raw Data'!N80="",0,'Raw Data'!N80) -> 0 | ... BN69: =IF('Raw Data'!BS80="",0,'Raw Data'!BS80) -> 12558.333 | BO69: =FALSE() -> FALSE
A70: ='Raw Data'!A81 -> Local Account #71 from NJ | B70: =IF('Raw Data'!G81="",0,'Raw Data'!G81) -> 5166.6667 | C70: =IF('Raw Data'!H81="",0,'Raw Data'!H81) -> 5166.6667 | D70: =IF('Raw Data'!I81="",0,'Raw Data'!I81) -> 5166.6667 | E70: =IF('Raw Data'!J81="",0,'Raw Data'!J81) -> 5166.6667 | F70: =IF('Raw Data'!K81="",0,'Raw Data'!K81) -> 5166.6667 | G70: =IF('Raw Data'!L81="",0,'Raw Data'!L81) -> 5166.6667 | H70: =IF('Raw Data'!M81="",0,'Raw Data'!M81) -> 5166.6667 | I70: =IF('Raw Data'!N81="",0,'Raw Data'!N81) -> 5166.6667 | ... BN70: =IF('Raw Data'!BS81="",0,'Raw Data'!BS81) -> 4876.6667 | BO70: =FALSE() -> FALSE
A71: ='Raw Data'!A82 -> Local Account #72 from AZ | B71: =IF('Raw Data'!G82="",0,'Raw Data'!G82) -> 0 | C71: =IF('Raw Data'!H82="",0,'Raw Data'!H82) -> 0 | D71: =IF('Raw Data'!I82="",0,'Raw Data'!I82) -> 0 | E71: =IF('Raw Data'!J82="",0,'Raw Data'!J82) -> 0 | F71: =IF('Raw Data'!K82="",0,'Raw Data'!K82) -> 0 | G71: =IF('Raw Data'!L82="",0,'Raw Data'!L82) -> 0 | H71: =IF('Raw Data'!M82="",0,'Raw Data'!M82) -> 0 | I71: =IF('Raw Data'!N82="",0,'Raw Data'!N82) -> 0 | ... BN71: =IF('Raw Data'!BS82="",0,'Raw Data'!BS82) -> 14305.417 | BO71: =FALSE() -> FALSE
A72: ='Raw Data'!A83 -> Local Account #73 from CA | B72: =IF('Raw Data'!G83="",0,'Raw Data'!G83) -> 0 | C72: =IF('Raw Data'!H83="",0,'Raw Data'!H83) -> 0 | D72: =IF('Raw Data'!I83="",0,'Raw Data'!I83) -> 0 | E72: =IF('Raw Data'!J83="",0,'Raw Data'!J83) -> 0 | F72: =IF('Raw Data'!K83="",0,'Raw Data'!K83) -> 0 | G72: =IF('Raw Data'!L83="",0,'Raw Data'!L83) -> 0 | H72: =IF('Raw Data'!M83="",0,'Raw Data'!M83) -> 0 | I72: =IF('Raw Data'!N83="",0,'Raw Data'!N83) -> 0 | ... BN72: =IF('Raw Data'!BS83="",0,'Raw Data'!BS83) -> 0 | BO72: =FALSE() -> FALSE
A73: ='Raw Data'!A84 -> Local Account #74 from CA | B73: =IF('Raw Data'!G84="",0,'Raw Data'!G84) -> 28746.054 | C73: =IF('Raw Data'!H84="",0,'Raw Data'!H84) -> 28746.054 | D73: =IF('Raw Data'!I84="",0,'Raw Data'!I84) -> 28746.054 | E73: =IF('Raw Data'!J84="",0,'Raw Data'!J84) -> 28746.054 | F73: =IF('Raw Data'!K84="",0,'Raw Data'!K84) -> 28746.054 | G73: =IF('Raw Data'!L84="",0,'Raw Data'!L84) -> 28746.054 | H73: =IF('Raw Data'!M84="",0,'Raw Data'!M84) -> 28746.054 | I73: =IF('Raw Data'!N84="",0,'Raw Data'!N84) -> 28746.054 | ... BN73: =IF('Raw Data'!BS84="",0,'Raw Data'!BS84) -> 37188.721 | BO73: =FALSE() -> FALSE
A74: ='Raw Data'!A85 -> Local Account #75 from CA | B74: =IF('Raw Data'!G85="",0,'Raw Data'!G85) -> 13091.125 | C74: =IF('Raw Data'!H85="",0,'Raw Data'!H85) -> 13091.125 | D74: =IF('Raw Data'!I85="",0,'Raw Data'!I85) -> 13091.125 | E74: =IF('Raw Data'!J85="",0,'Raw Data'!J85) -> 13091.125 | F74: =IF('Raw Data'!K85="",0,'Raw Data'!K85) -> 13091.125 | G74: =IF('Raw Data'!L85="",0,'Raw Data'!L85) -> 13091.125 | H74: =IF('Raw Data'!M85="",0,'Raw Data'!M85) -> 12066.667 | I74: =IF('Raw Data'!N85="",0,'Raw Data'!N85) -> 12066.667 | ... BN74: =IF('Raw Data'!BS85="",0,'Raw Data'!BS85) -> 13304.167 | BO74: =FALSE() -> FALSE
A75: ='Raw Data'!A86 -> Local Account #76 from CA | B75: =IF('Raw Data'!G86="",0,'Raw Data'!G86) -> 838.75 | C75: =IF('Raw Data'!H86="",0,'Raw Data'!H86) -> 2723.15 | D75: =IF('Raw Data'!I86="",0,'Raw Data'!I86) -> 2723.15 | E75: =IF('Raw Data'!J86="",0,'Raw Data'!J86) -> 2723.15 | F75: =IF('Raw Data'!K86="",0,'Raw Data'!K86) -> 5421.05 | G75: =IF('Raw Data'!L86="",0,'Raw Data'!L86) -> 5421.05 | H75: =IF('Raw Data'!M86="",0,'Raw Data'!M86) -> 5421.05 | I75: =IF('Raw Data'!N86="",0,'Raw Data'!N86) -> 5421.05 | ... BN75: =IF('Raw Data'!BS86="",0,'Raw Data'!BS86) -> 15590.611 | BO75: =FALSE() -> FALSE
A76: ='Raw Data'!A87 -> Local Account #77 from MI | B76: =IF('Raw Data'!G87="",0,'Raw Data'!G87) -> 0 | C76: =IF('Raw Data'!H87="",0,'Raw Data'!H87) -> 0 | D76: =IF('Raw Data'!I87="",0,'Raw Data'!I87) -> 0 | E76: =IF('Raw Data'!J87="",0,'Raw Data'!J87) -> 0 | F76: =IF('Raw Data'!K87="",0,'Raw Data'!K87) -> 0 | G76: =IF('Raw Data'!L87="",0,'Raw Data'!L87) -> 0 | H76: =IF('Raw Data'!M87="",0,'Raw Data'!M87) -> 0 | I76: =IF('Raw Data'!N87="",0,'Raw Data'!N87) -> 0 | ... BN76: =IF('Raw Data'!BS87="",0,'Raw Data'!BS87) -> 3750 | BO76: =FALSE() -> FALSE
A77: ='Raw Data'!A88 -> Local Account #78 from CA | B77: =IF('Raw Data'!G88="",0,'Raw Data'!G88) -> 0 | C77: =IF('Raw Data'!H88="",0,'Raw Data'!H88) -> 0 | D77: =IF('Raw Data'!I88="",0,'Raw Data'!I88) -> 0 | E77: =IF('Raw Data'!J88="",0,'Raw Data'!J88) -> 0 | F77: =IF('Raw Data'!K88="",0,'Raw Data'!K88) -> 0 | G77: =IF('Raw Data'!L88="",0,'Raw Data'!L88) -> 0 | H77: =IF('Raw Data'!M88="",0,'Raw Data'!M88) -> 0 | I77: =IF('Raw Data'!N88="",0,'Raw Data'!N88) -> 0 | ... BN77: =IF('Raw Data'!BS88="",0,'Raw Data'!BS88) -> 652.775 | BO77: =FALSE() -> FALSE
A78: ='Raw Data'!A89 -> Local Account #79 from WA | B78: =IF('Raw Data'!G89="",0,'Raw Data'!G89) -> 0 | C78: =IF('Raw Data'!H89="",0,'Raw Data'!H89) -> 0 | D78: =IF('Raw Data'!I89="",0,'Raw Data'!I89) -> 0 | E78: =IF('Raw Data'!J89="",0,'Raw Data'!J89) -> 0 | F78: =IF('Raw Data'!K89="",0,'Raw Data'!K89) -> 0 | G78: =IF('Raw Data'!L89="",0,'Raw Data'!L89) -> 0 | H78: =IF('Raw Data'!M89="",0,'Raw Data'!M89) -> 0 | I78: =IF('Raw Data'!N89="",0,'Raw Data'!N89) -> 0 | ... BN78: =IF('Raw Data'!BS89="",0,'Raw Data'!BS89) -> 137.5 | BO78: =FALSE() -> FALSE
A79: ='Raw Data'!A19 -> Local Account #8 from KY | B79: =IF('Raw Data'!G19="",0,'Raw Data'!G19) -> 0 | C79: =IF('Raw Data'!H19="",0,'Raw Data'!H19) -> 0 | D79: =IF('Raw Data'!I19="",0,'Raw Data'!I19) -> 0 | E79: =IF('Raw Data'!J19="",0,'Raw Data'!J19) -> 0 | F79: =IF('Raw Data'!K19="",0,'Raw Data'!K19) -> 0 | G79: =IF('Raw Data'!L19="",0,'Raw Data'!L19) -> 0 | H79: =IF('Raw Data'!M19="",0,'Raw Data'!M19) -> 0 | I79: =IF('Raw Data'!N19="",0,'Raw Data'!N19) -> 0 | ... BN79: =IF('Raw Data'!BS19="",0,'Raw Data'!BS19) -> 0 | BO79: =FALSE() -> FALSE
A80: ='Raw Data'!A90 -> Local Account #80 from KY | B80: =IF('Raw Data'!G90="",0,'Raw Data'!G90) -> 583.33333 | C80: =IF('Raw Data'!H90="",0,'Raw Data'!H90) -> 583.33333 | D80: =IF('Raw Data'!I90="",0,'Raw Data'!I90) -> 291.66667 | E80: =IF('Raw Data'!J90="",0,'Raw Data'!J90) -> 291.66667 | F80: =IF('Raw Data'!K90="",0,'Raw Data'!K90) -> 291.66667 | G80: =IF('Raw Data'!L90="",0,'Raw Data'!L90) -> 291.66667 | H80: =IF('Raw Data'!M90="",0,'Raw Data'!M90) -> 291.66667 | I80: =IF('Raw Data'!N90="",0,'Raw Data'!N90) -> 291.66667 | ... BN80: =IF('Raw Data'!BS90="",0,'Raw Data'!BS90) -> 0 | BO80: =FALSE() -> FALSE
A81: ='Raw Data'!A91 -> Local Account #81 from WA | B81: =IF('Raw Data'!G91="",0,'Raw Data'!G91) -> 0 | C81: =IF('Raw Data'!H91="",0,'Raw Data'!H91) -> 0 | D81: =IF('Raw Data'!I91="",0,'Raw Data'!I91) -> 0 | E81: =IF('Raw Data'!J91="",0,'Raw Data'!J91) -> 0 | F81: =IF('Raw Data'!K91="",0,'Raw Data'!K91) -> 0 | G81: =IF('Raw Data'!L91="",0,'Raw Data'!L91) -> 0 | H81: =IF('Raw Data'!M91="",0,'Raw Data'!M91) -> 0 | I81: =IF('Raw Data'!N91="",0,'Raw Data'!N91) -> 0 | ... BN81: =IF('Raw Data'!BS91="",0,'Raw Data'!BS91) -> 825 | BO81: =FALSE() -> FALSE
A82: ='Raw Data'!A92 -> Local Account #82 from MI | B82: =IF('Raw Data'!G92="",0,'Raw Data'!G92) -> 0 | C82: =IF('Raw Data'!H92="",0,'Raw Data'!H92) -> 0 | D82: =IF('Raw Data'!I92="",0,'Raw Data'!I92) -> 0 | E82: =IF('Raw Data'!J92="",0,'Raw Data'!J92) -> 0 | F82: =IF('Raw Data'!K92="",0,'Raw Data'!K92) -> 0 | G82: =IF('Raw Data'!L92="",0,'Raw Data'!L92) -> 0 | H82: =IF('Raw Data'!M92="",0,'Raw Data'!M92) -> 0 | I82: =IF('Raw Data'!N92="",0,'Raw Data'!N92) -> 0 | ... BN82: =IF('Raw Data'!BS92="",0,'Raw Data'!BS92) -> 14764.667 | BO82: =FALSE() -> FALSE
A83: ='Raw Data'!A93 -> Local Account #83 from OR | B83: =IF('Raw Data'!G93="",0,'Raw Data'!G93) -> 0 | C83: =IF('Raw Data'!H93="",0,'Raw Data'!H93) -> 0 | D83: =IF('Raw Data'!I93="",0,'Raw Data'!I93) -> 0 | E83: =IF('Raw Data'!J93="",0,'Raw Data'!J93) -> 0 | F83: =IF('Raw Data'!K93="",0,'Raw Data'!K93) -> 0 | G83: =IF('Raw Data'!L93="",0,'Raw Data'!L93) -> 0 | H83: =IF('Raw Data'!M93="",0,'Raw Data'!M93) -> 0 | I83: =IF('Raw Data'!N93="",0,'Raw Data'!N93) -> 0 | ... BN83: =IF('Raw Data'!BS93="",0,'Raw Data'!BS93) -> 75 | BO83: =FALSE() -> FALSE
A84: ='Raw Data'!A94 -> Local Account #84 from OH | B84: =IF('Raw Data'!G94="",0,'Raw Data'!G94) -> 3170.8333 | C84: =IF('Raw Data'!H94="",0,'Raw Data'!H94) -> 3170.8333 | D84: =IF('Raw Data'!I94="",0,'Raw Data'!I94) -> 3170.8333 | E84: =IF('Raw Data'!J94="",0,'Raw Data'!J94) -> 3170.8333 | F84: =IF('Raw Data'!K94="",0,'Raw Data'!K94) -> 3170.8333 | G84: =IF('Raw Data'!L94="",0,'Raw Data'!L94) -> 3170.8333 | H84: =IF('Raw Data'!M94="",0,'Raw Data'!M94) -> 3560.4167 | I84: =IF('Raw Data'!N94="",0,'Raw Data'!N94) -> 3560.4167 | ... BN84: =IF('Raw Data'!BS94="",0,'Raw Data'!BS94) -> 3895.8333 | BO84: =FALSE() -> FALSE
A85: ='Raw Data'!A95 -> Local Account #85 from OH | B85: =IF('Raw Data'!G95="",0,'Raw Data'!G95) -> 0 | C85: =IF('Raw Data'!H95="",0,'Raw Data'!H95) -> 0 | D85: =IF('Raw Data'!I95="",0,'Raw Data'!I95) -> 0 | E85: =IF('Raw Data'!J95="",0,'Raw Data'!J95) -> 0 | F85: =IF('Raw Data'!K95="",0,'Raw Data'!K95) -> 0 | G85: =IF('Raw Data'!L95="",0,'Raw Data'!L95) -> 0 | H85: =IF('Raw Data'!M95="",0,'Raw Data'!M95) -> 0 | I85: =IF('Raw Data'!N95="",0,'Raw Data'!N95) -> 0 | ... BN85: =IF('Raw Data'!BS95="",0,'Raw Data'!BS95) -> 828.75 | BO85: =FALSE() -> FALSE
A86: ='Raw Data'!A96 -> Local Account #86 from VA | B86: =IF('Raw Data'!G96="",0,'Raw Data'!G96) -> 0 | C86: =IF('Raw Data'!H96="",0,'Raw Data'!H96) -> 0 | D86: =IF('Raw Data'!I96="",0,'Raw Data'!I96) -> 0 | E86: =IF('Raw Data'!J96="",0,'Raw Data'!J96) -> 0 | F86: =IF('Raw Data'!K96="",0,'Raw Data'!K96) -> 0 | G86: =IF('Raw Data'!L96="",0,'Raw Data'!L96) -> 0 | H86: =IF('Raw Data'!M96="",0,'Raw Data'!M96) -> 0 | I86: =IF('Raw Data'!N96="",0,'Raw Data'!N96) -> 0 | ... BN86: =IF('Raw Data'!BS96="",0,'Raw Data'!BS96) -> 780 | BO86: =FALSE() -> FALSE
A87: ='Raw Data'!A97 -> Local Account #87 from IL | B87: =IF('Raw Data'!G97="",0,'Raw Data'!G97) -> 0 | C87: =IF('Raw Data'!H97="",0,'Raw Data'!H97) -> 0 | D87: =IF('Raw Data'!I97="",0,'Raw Data'!I97) -> 0 | E87: =IF('Raw Data'!J97="",0,'Raw Data'!J97) -> 0 | F87: =IF('Raw Data'!K97="",0,'Raw Data'!K97) -> 0 | G87: =IF('Raw Data'!L97="",0,'Raw Data'!L97) -> 0 | H87: =IF('Raw Data'!M97="",0,'Raw Data'!M97) -> 0 | I87: =IF('Raw Data'!N97="",0,'Raw Data'!N97) -> 0 | ... BN87: =IF('Raw Data'!BS97="",0,'Raw Data'!BS97) -> 2300 | BO87: =FALSE() -> FALSE
A88: ='Raw Data'!A98 -> Local Account #88 from MI | B88: =IF('Raw Data'!G98="",0,'Raw Data'!G98) -> 2002.0767 | C88: =IF('Raw Data'!H98="",0,'Raw Data'!H98) -> 2002.0767 | D88: =IF('Raw Data'!I98="",0,'Raw Data'!I98) -> 2002.0767 | E88: =IF('Raw Data'!J98="",0,'Raw Data'!J98) -> 2002.0767 | F88: =IF('Raw Data'!K98="",0,'Raw Data'!K98) -> 2002.0767 | G88: =IF('Raw Data'!L98="",0,'Raw Data'!L98) -> 2002.0767 | H88: =IF('Raw Data'!M98="",0,'Raw Data'!M98) -> 2002.0833 | I88: =IF('Raw Data'!N98="",0,'Raw Data'!N98) -> 2002.0833 | ... BN88: =IF('Raw Data'!BS98="",0,'Raw Data'!BS98) -> 0 | BO88: =FALSE() -> FALSE
A89: ='Raw Data'!A99 -> Local Account #89 from CA | B89: =IF('Raw Data'!G99="",0,'Raw Data'!G99) -> 0 | C89: =IF('Raw Data'!H99="",0,'Raw Data'!H99) -> 0 | D89: =IF('Raw Data'!I99="",0,'Raw Data'!I99) -> 0 | E89: =IF('Raw Data'!J99="",0,'Raw Data'!J99) -> 0 | F89: =IF('Raw Data'!K99="",0,'Raw Data'!K99) -> 0 | G89: =IF('Raw Data'!L99="",0,'Raw Data'!L99) -> 0 | H89: =IF('Raw Data'!M99="",0,'Raw Data'!M99) -> 0 | I89: =IF('Raw Data'!N99="",0,'Raw Data'!N99) -> 0 | ... BN89: =IF('Raw Data'!BS99="",0,'Raw Data'!BS99) -> 200 | BO89: =FALSE() -> FALSE
A90: ='Raw Data'!A20 -> Local Account #9 from KY | B90: =IF('Raw Data'!G20="",0,'Raw Data'!G20) -> 3600.0483 | C90: =IF('Raw Data'!H20="",0,'Raw Data'!H20) -> 3600.0483 | D90: =IF('Raw Data'!I20="",0,'Raw Data'!I20) -> 3600.0483 | E90: =IF('Raw Data'!J20="",0,'Raw Data'!J20) -> 3600.0483 | F90: =IF('Raw Data'!K20="",0,'Raw Data'!K20) -> 3600.0483 | G90: =IF('Raw Data'!L20="",0,'Raw Data'!L20) -> 3600.0483 | H90: =IF('Raw Data'!M20="",0,'Raw Data'!M20) -> 3600.0483 | I90: =IF('Raw Data'!N20="",0,'Raw Data'!N20) -> 3600.0483 | ... BN90: =IF('Raw Data'!BS20="",0,'Raw Data'!BS20) -> 0 | BO90: =FALSE() -> FALSE
A91: ='Raw Data'!A100 -> Local Account #90 from CA | B91: =IF('Raw Data'!G100="",0,'Raw Data'!G100) -> 500 | C91: =IF('Raw Data'!H100="",0,'Raw Data'!H100) -> 500 | D91: =IF('Raw Data'!I100="",0,'Raw Data'!I100) -> 500 | E91: =IF('Raw Data'!J100="",0,'Raw Data'!J100) -> 600 | F91: =IF('Raw Data'!K100="",0,'Raw Data'!K100) -> 600 | G91: =IF('Raw Data'!L100="",0,'Raw Data'!L100) -> 600 | H91: =IF('Raw Data'!M100="",0,'Raw Data'!M100) -> 600 | I91: =IF('Raw Data'!N100="",0,'Raw Data'!N100) -> 600 | ... BN91: =IF('Raw Data'!BS100="",0,'Raw Data'!BS100) -> 1400 | BO91: =FALSE() -> FALSE
A92: ='Raw Data'!A101 -> Local Account #91 from CA | B92: =IF('Raw Data'!G101="",0,'Raw Data'!G101) -> 0 | C92: =IF('Raw Data'!H101="",0,'Raw Data'!H101) -> 0 | D92: =IF('Raw Data'!I101="",0,'Raw Data'!I101) -> 0 | E92: =IF('Raw Data'!J101="",0,'Raw Data'!J101) -> 0 | F92: =IF('Raw Data'!K101="",0,'Raw Data'!K101) -> 0 | G92: =IF('Raw Data'!L101="",0,'Raw Data'!L101) -> 0 | H92: =IF('Raw Data'!M101="",0,'Raw Data'!M101) -> 0 | I92: =IF('Raw Data'!N101="",0,'Raw Data'!N101) -> 66.67 | ... BN92: =IF('Raw Data'!BS101="",0,'Raw Data'!BS101) -> 0 | BO92: =FALSE() -> FALSE
A93: ='Raw Data'!A102 -> Local Account #92 from WI | B93: =IF('Raw Data'!G102="",0,'Raw Data'!G102) -> 0 | C93: =IF('Raw Data'!H102="",0,'Raw Data'!H102) -> 0 | D93: =IF('Raw Data'!I102="",0,'Raw Data'!I102) -> 0 | E93: =IF('Raw Data'!J102="",0,'Raw Data'!J102) -> 0 | F93: =IF('Raw Data'!K102="",0,'Raw Data'!K102) -> 0 | G93: =IF('Raw Data'!L102="",0,'Raw Data'!L102) -> 0 | H93: =IF('Raw Data'!M102="",0,'Raw Data'!M102) -> 916.66667 | I93: =IF('Raw Data'!N102="",0,'Raw Data'!N102) -> 916.66667 | ... BN93: =IF('Raw Data'!BS102="",0,'Raw Data'!BS102) -> 1000 | BO93: =FALSE() -> FALSE
A94: ='Raw Data'!A103 -> Local Account #93 from WI | B94: =IF('Raw Data'!G103="",0,'Raw Data'!G103) -> 1770.8333 | C94: =IF('Raw Data'!H103="",0,'Raw Data'!H103) -> 1770.8333 | D94: =IF('Raw Data'!I103="",0,'Raw Data'!I103) -> 1770.8333 | E94: =IF('Raw Data'!J103="",0,'Raw Data'!J103) -> 1770.8333 | F94: =IF('Raw Data'!K103="",0,'Raw Data'!K103) -> 1770.8333 | G94: =IF('Raw Data'!L103="",0,'Raw Data'!L103) -> 1770.8333 | H94: =IF('Raw Data'!M103="",0,'Raw Data'!M103) -> 0 | I94: =IF('Raw Data'!N103="",0,'Raw Data'!N103) -> 0 | ... BN94: =IF('Raw Data'!BS103="",0,'Raw Data'!BS103) -> 0 | BO94: =FALSE() -> FALSE
A95: ='Raw Data'!A104 -> Local Account #94 from WA | B95: =IF('Raw Data'!G104="",0,'Raw Data'!G104) -> 0 | C95: =IF('Raw Data'!H104="",0,'Raw Data'!H104) -> 0 | D95: =IF('Raw Data'!I104="",0,'Raw Data'!I104) -> 0 | E95: =IF('Raw Data'!J104="",0,'Raw Data'!J104) -> 0 | F95: =IF('Raw Data'!K104="",0,'Raw Data'!K104) -> 0 | G95: =IF('Raw Data'!L104="",0,'Raw Data'!L104) -> 0 | H95: =IF('Raw Data'!M104="",0,'Raw Data'!M104) -> 0 | I95: =IF('Raw Data'!N104="",0,'Raw Data'!N104) -> 0 | ... BN95: =IF('Raw Data'!BS104="",0,'Raw Data'!BS104) -> 0 | BO95: =FALSE() -> FALSE
A96: ='Raw Data'!A105 -> Local Account #95 from WA | B96: =IF('Raw Data'!G105="",0,'Raw Data'!G105) -> 1508.3333 | C96: =IF('Raw Data'!H105="",0,'Raw Data'!H105) -> 1458.3333 | D96: =IF('Raw Data'!I105="",0,'Raw Data'!I105) -> 1458.3333 | E96: =IF('Raw Data'!J105="",0,'Raw Data'!J105) -> 1458.3333 | F96: =IF('Raw Data'!K105="",0,'Raw Data'!K105) -> 1458.3333 | G96: =IF('Raw Data'!L105="",0,'Raw Data'!L105) -> 1458.3333 | H96: =IF('Raw Data'!M105="",0,'Raw Data'!M105) -> 1458.3333 | I96: =IF('Raw Data'!N105="",0,'Raw Data'!N105) -> 1458.3333 | ... BN96: =IF('Raw Data'!BS105="",0,'Raw Data'!BS105) -> 662.10667 | BO96: =FALSE() -> FALSE
A97: ='Raw Data'!A106 -> Local Account #96 from CA | B97: =IF('Raw Data'!G106="",0,'Raw Data'!G106) -> 0 | C97: =IF('Raw Data'!H106="",0,'Raw Data'!H106) -> 0 | D97: =IF('Raw Data'!I106="",0,'Raw Data'!I106) -> 0 | E97: =IF('Raw Data'!J106="",0,'Raw Data'!J106) -> 0 | F97: =IF('Raw Data'!K106="",0,'Raw Data'!K106) -> 0 | G97: =IF('Raw Data'!L106="",0,'Raw Data'!L106) -> 58.333333 | H97: =IF('Raw Data'!M106="",0,'Raw Data'!M106) -> 58.333333 | I97: =IF('Raw Data'!N106="",0,'Raw Data'!N106) -> 58.333333 | ... BN97: =IF('Raw Data'!BS106="",0,'Raw Data'!BS106) -> 0 | BO97: =FALSE() -> FALSE
A98: ='Raw Data'!A107 -> Local Account #97 from OR | B98: =IF('Raw Data'!G107="",0,'Raw Data'!G107) -> 0 | C98: =IF('Raw Data'!H107="",0,'Raw Data'!H107) -> 0 | D98: =IF('Raw Data'!I107="",0,'Raw Data'!I107) -> 0 | E98: =IF('Raw Data'!J107="",0,'Raw Data'!J107) -> 0 | F98: =IF('Raw Data'!K107="",0,'Raw Data'!K107) -> 0 | G98: =IF('Raw Data'!L107="",0,'Raw Data'!L107) -> 0 | H98: =IF('Raw Data'!M107="",0,'Raw Data'!M107) -> 0 | I98: =IF('Raw Data'!N107="",0,'Raw Data'!N107) -> 0 | ... BN98: =IF('Raw Data'!BS107="",0,'Raw Data'!BS107) -> 0 | BO98: =FALSE() -> FALSE
A99: ='Raw Data'!A108 -> Local Account #98 from MA | B99: =IF('Raw Data'!G108="",0,'Raw Data'!G108) -> 0 | C99: =IF('Raw Data'!H108="",0,'Raw Data'!H108) -> 0 | D99: =IF('Raw Data'!I108="",0,'Raw Data'!I108) -> 0 | E99: =IF('Raw Data'!J108="",0,'Raw Data'!J108) -> 0 | F99: =IF('Raw Data'!K108="",0,'Raw Data'!K108) -> 0 | G99: =IF('Raw Data'!L108="",0,'Raw Data'!L108) -> 0 | H99: =IF('Raw Data'!M108="",0,'Raw Data'!M108) -> 0 | I99: =IF('Raw Data'!N108="",0,'Raw Data'!N108) -> 0 | ... BN99: =IF('Raw Data'!BS108="",0,'Raw Data'!BS108) -> 0 | BO99: =FALSE() -> FALSE
A100: ='Raw Data'!A23 -> State Account #12 from MA | B100: =IF('Raw Data'!G23="",0,'Raw Data'!G23) -> 0 | C100: =IF('Raw Data'!H23="",0,'Raw Data'!H23) -> 0 | D100: =IF('Raw Data'!I23="",0,'Raw Data'!I23) -> 0 | E100: =IF('Raw Data'!J23="",0,'Raw Data'!J23) -> 0 | F100: =IF('Raw Data'!K23="",0,'Raw Data'!K23) -> 0 | G100: =IF('Raw Data'!L23="",0,'Raw Data'!L23) -> 0 | H100: =IF('Raw Data'!M23="",0,'Raw Data'!M23) -> 0 | I100: =IF('Raw Data'!N23="",0,'Raw Data'!N23) -> 0 | ... BN100: =IF('Raw Data'!BS23="",0,'Raw Data'!BS23) -> 3791.7 | BO100: =FALSE() -> FALSE
A101: ='Raw Data'!A25 -> State Account #14 from MD | B101: =IF('Raw Data'!G25="",0,'Raw Data'!G25) -> 0 | C101: =IF('Raw Data'!H25="",0,'Raw Data'!H25) -> 0 | D101: =IF('Raw Data'!I25="",0,'Raw Data'!I25) -> 0 | E101: =IF('Raw Data'!J25="",0,'Raw Data'!J25) -> 0 | F101: =IF('Raw Data'!K25="",0,'Raw Data'!K25) -> 0 | G101: =IF('Raw Data'!L25="",0,'Raw Data'!L25) -> 0 | H101: =IF('Raw Data'!M25="",0,'Raw Data'!M25) -> 0 | I101: =IF('Raw Data'!N25="",0,'Raw Data'!N25) -> 0 | ... BN101: =IF('Raw Data'!BS25="",0,'Raw Data'!BS25) -> 0 | BO101: =FALSE() -> FALSE
A102: ='Raw Data'!A26 -> State Account #15 from OK | B102: =IF('Raw Data'!G26="",0,'Raw Data'!G26) -> 0 | C102: =IF('Raw Data'!H26="",0,'Raw Data'!H26) -> 0 | D102: =IF('Raw Data'!I26="",0,'Raw Data'!I26) -> 0 | E102: =IF('Raw Data'!J26="",0,'Raw Data'!J26) -> 0 | F102: =IF('Raw Data'!K26="",0,'Raw Data'!K26) -> 0 | G102: =IF('Raw Data'!L26="",0,'Raw Data'!L26) -> 0 | H102: =IF('Raw Data'!M26="",0,'Raw Data'!M26) -> 0 | I102: =IF('Raw Data'!N26="",0,'Raw Data'!N26) -> 0 | ... BN102: =IF('Raw Data'!BS26="",0,'Raw Data'!BS26) -> 0 | BO102: =FALSE() -> FALSE
A103: ='Raw Data'!A27 -> State Account #16 from OK | B103: =IF('Raw Data'!G27="",0,'Raw Data'!G27) -> 0 | C103: =IF('Raw Data'!H27="",0,'Raw Data'!H27) -> 0 | D103: =IF('Raw Data'!I27="",0,'Raw Data'!I27) -> 0 | E103: =IF('Raw Data'!J27="",0,'Raw Data'!J27) -> 0 | F103: =IF('Raw Data'!K27="",0,'Raw Data'!K27) -> 0 | G103: =IF('Raw Data'!L27="",0,'Raw Data'!L27) -> 0 | H103: =IF('Raw Data'!M27="",0,'Raw Data'!M27) -> 0 | I103: =IF('Raw Data'!N27="",0,'Raw Data'!N27) -> 0 | ... BN103: =IF('Raw Data'!BS27="",0,'Raw Data'!BS27) -> 0 | BO103: =FALSE() -> FALSE
A104: ='Raw Data'!A28 -> State Account #17 from WA | B104: =IF('Raw Data'!G28="",0,'Raw Data'!G28) -> 0 | C104: =IF('Raw Data'!H28="",0,'Raw Data'!H28) -> 0 | D104: =IF('Raw Data'!I28="",0,'Raw Data'!I28) -> 0 | E104: =IF('Raw Data'!J28="",0,'Raw Data'!J28) -> 0 | F104: =IF('Raw Data'!K28="",0,'Raw Data'!K28) -> 0 | G104: =IF('Raw Data'!L28="",0,'Raw Data'!L28) -> 0 | H104: =IF('Raw Data'!M28="",0,'Raw Data'!M28) -> 0 | I104: =IF('Raw Data'!N28="",0,'Raw Data'!N28) -> 0 | ... BN104: =IF('Raw Data'!BS28="",0,'Raw Data'!BS28) -> 127200 | BO104: =FALSE() -> FALSE
A105: ='Raw Data'!A31 -> State Account #18 from WA | B105: =IF('Raw Data'!G31="",0,'Raw Data'!G31) -> 0 | C105: =IF('Raw Data'!H31="",0,'Raw Data'!H31) -> 0 | D105: =IF('Raw Data'!I31="",0,'Raw Data'!I31) -> 0 | E105: =IF('Raw Data'!J31="",0,'Raw Data'!J31) -> 0 | F105: =IF('Raw Data'!K31="",0,'Raw Data'!K31) -> 0 | G105: =IF('Raw Data'!L31="",0,'Raw Data'!L31) -> 0 | H105: =IF('Raw Data'!M31="",0,'Raw Data'!M31) -> 0 | I105: =IF('Raw Data'!N31="",0,'Raw Data'!N31) -> 0 | ... BN105: =IF('Raw Data'!BS31="",0,'Raw Data'!BS31) -> 0 | BO105: =FALSE() -> FALSE
A106: ='Raw Data'!A29 -> State Account #19 from CA | B106: =IF('Raw Data'!G29="",0,'Raw Data'!G29) -> 13925 | C106: =IF('Raw Data'!H29="",0,'Raw Data'!H29) -> 13925 | D106: =IF('Raw Data'!I29="",0,'Raw Data'!I29) -> 13925 | E106: =IF('Raw Data'!J29="",0,'Raw Data'!J29) -> 13925 | F106: =IF('Raw Data'!K29="",0,'Raw Data'!K29) -> 13925 | G106: =IF('Raw Data'!L29="",0,'Raw Data'!L29) -> 13925 | H106: =IF('Raw Data'!M29="",0,'Raw Data'!M29) -> 0 | I106: =IF('Raw Data'!N29="",0,'Raw Data'!N29) -> 0 | ... BN106: =IF('Raw Data'!BS29="",0,'Raw Data'!BS29) -> 0 | BO106: =FALSE() -> FALSE
A107: ='Raw Data'!A30 -> State Account #20 from VT | B107: =IF('Raw Data'!G30="",0,'Raw Data'!G30) -> 0 | C107: =IF('Raw Data'!H30="",0,'Raw Data'!H30) -> 0 | D107: =IF('Raw Data'!I30="",0,'Raw Data'!I30) -> 0 | E107: =IF('Raw Data'!J30="",0,'Raw Data'!J30) -> 0 | F107: =IF('Raw Data'!K30="",0,'Raw Data'!K30) -> 0 | G107: =IF('Raw Data'!L30="",0,'Raw Data'!L30) -> 0 | H107: =IF('Raw Data'!M30="",0,'Raw Data'!M30) -> 0 | I107: =IF('Raw Data'!N30="",0,'Raw Data'!N30) -> 0 | ... BN107: =IF('Raw Data'!BS30="",0,'Raw Data'!BS30) -> 0 | BO107: =FALSE() -> FALSE
A108: ='Raw Data'!A52 -> State Account #42 (International) | B108: =IF('Raw Data'!G52="",0,'Raw Data'!G52) -> 0 | C108: =IF('Raw Data'!H52="",0,'Raw Data'!H52) -> 0 | D108: =IF('Raw Data'!I52="",0,'Raw Data'!I52) -> 0 | E108: =IF('Raw Data'!J52="",0,'Raw Data'!J52) -> 0 | F108: =IF('Raw Data'!K52="",0,'Raw Data'!K52) -> 0 | G108: =IF('Raw Data'!L52="",0,'Raw Data'!L52) -> 0 | H108: =IF('Raw Data'!M52="",0,'Raw Data'!M52) -> 0 | I108: =IF('Raw Data'!N52="",0,'Raw Data'!N52) -> 0 | ... BN108: =IF('Raw Data'!BS52="",0,'Raw Data'!BS52) -> 1266.6667 | BO108: =FALSE() -> FALSE

Sheet Raw Data
G1: Unadj. | H1: Unadj. | I1: Unadj. | J1: Unadj. | K1: Unadj. | L1: Unadj. | M1: Unadj. | N1: Unadj. | O1: Unadj. | P1: Unadj. | Q1: Unadj. | R1: Unadj. | S1: Unadj. | T1: Unadj. | U1: Unadj. | V1: Unadj. | W1: Unadj. | X1: Unadj. | Y1: Unadj. | Z1: Unadj. | AA1: Unadj. | AB1: Unadj. | AC1: Unadj. | AD1: Unadj. | AE1: Unadj. | AF1: Unadj. | AG1: Unadj. | AH1: Unadj. | AI1: Unadj. | AJ1: Unadj. | AK1: Unadj. | AL1: Unadj. | AM1: Unadj. | AN1: Unadj. | AO1: Unadj. | AP1: Unadj. | AQ1: Unadj. | AR1: Unadj. | AS1: Unadj. | AT1: Unadj. | AU1: Unadj. | AV1: Unadj. | AW1: Unadj. | AX1: Unadj. | AY1: Unadj. | AZ1: Unadj. | BA1: Unadj. | BB1: Unadj. | BC1: Unadj. | BD1: Unadj. | BE1: Unadj. | BF1: Unadj. | BG1: Unadj. | BH1: Unadj. | BI1: Unadj. | BJ1: Unadj. | BK1: Unadj. | BL1: Unadj. | BM1: Unadj. | BN1: Unadj. | BO1: Unadj. | BP1: Unadj. | BQ1: Unadj. | BR1: Unadj. | BS1: Unadj. | BT1: Unadj. | BU1: Unadj. | BV1: Unadj. | BW1: Unadj. | BX1: Unadj. | BY1: Unadj. | BZ1: Unadj. | CC1: Adjustment | CD1: Adjustment | CE1: Adjustment | CF1: Adjustment | CG1: Adjustment | CH1: Adjustment | CI1: Adjustment | CJ1: Adjustment | CK1: Adjustment | CL1: Adjustment | CM1: Adjustment | CN1: Adjustment | CO1: Adjustment | CP1: Adjustment | CQ1: Adjustment | CR1: Adjustment | CS1: Adjustment | CT1: Adjustment | CU1: Adjustment | CV1: Adjustment | CW1: Adjustment | CX1: Adjustment | CY1: Adjustment | CZ1: Adjustment | DA1: Adjustment | DB1: Adjustment | DC1: Adjustment | DD1: Adjustment | DE1: Adjustment | DF1: Adjustment | DG1: Adjustment | DH1: Adjustment | DI1: Adjustment | DJ1: Adjustment | DK1: Adjustment | DL1: Adjustment | DM1: Adjustment | DN1: Adjustment | DO1: Adjustment | DP1: Adjustment | DQ1: Adjustment | DR1: Adjustment | DS1: Adjustment | DT1: Adjustment | DU1: Adjustment | DV1: Adjustment | DW1: Adjustment | DX1: Adjustment | DY1: Adjustment | DZ1: Adjustment | EA1: Adjustment | EB1: Adjustment | EC1: Adjustment | ED1: Adjustment | EE1: Adjustment | EF1: Adjustment | EG1: Adjustment | EH1: Adjustment | EI1: Adjustment | EJ1: Adjustment | EK1: Adjustment | EL1: Adjustment | EM1: Adjustment | EN1: Adjustment | EO1: Adjustment | EP1: Adjustment | EQ1: Adjustment | ER1: Adjustment | ES1: Adjustment | ET1: Adjustment | EU1: Adjustment | EV1: Adjustment | EX1: Adj. for promotions, co-development and never live churn | EY1: Adj. for promotions, co-development and never live churn | EZ1: Adj. for promotions, co-development and never live churn | FA1: Adj. for promotions, co-development and never live churn | FB1: Adj. for promotions, co-development and never live churn | FC1: Adj. for promotions, co-development and never live churn | FD1: Adj. for promotions, co-development and never live churn | FE1: Adj. for promotions, co-development and never live churn | FF1: Adj. for promotions, co-development and never live churn | FG1: Adj. for promotions, co-development and never live churn | FH1: Adj. for promotions, co-development and never live churn | FI1: Adj. for promotions, co-development and never live churn | FJ1: Adj. for promotions, co-development and never live churn | FK1: Adj. for promotions, co-development and never live churn | FL1: Adj. for promotions, co-development and never live churn | FM1: Adj. for promotions, co-development and never live churn | FN1: Adj. for promotions, co-development and never live churn | FO1: Adj. for promotions, co-development and never live churn | FP1: Adj. for promotions, co-development and never live churn | FQ1: Adj. for promotions, co-development and never live churn | FR1: Adj. for promotions, co-development and never live churn | FS1: Adj. for promotions, co-development and never live churn | FT1: Adj. for promotions, co-development and never live churn | FU1: Adj. for promotions, co-development and never live churn | FV1: Adj. for promotions, co-development and never live churn | FW1: Adj. for promotions, co-development and never live churn | FX1: Adj. for promotions, co-development and never live churn | FY1: Adj. for promotions, co-development and never live churn | FZ1: Adj. for promotions, co-development and never live churn | GA1: Adj. for promotions, co-development and never live churn | GB1: Adj. for promotions, co-development and never live churn | GC1: Adj. for promotions, co-development and never live churn | GD1: Adj. for promotions, co-development and never live churn | GE1: Adj. for promotions, co-development and never live churn | GF1: Adj. for promotions, co-development and never live churn | GG1: Adj. for promotions, co-development and never live churn | GH1: Adj. for promotions, co-development and never live churn | GI1: Adj. for promotions, co-development and never live churn | GJ1: Adj. for promotions, co-development and never live churn | GK1: Adj. for promotions, co-development and never live churn | GL1: Adj. for promotions, co-development and never live churn | GM1: Adj. for promotions, co-development and never live churn | GN1: Adj. for promotions, co-development and never live churn | GO1: Adj. for promotions, co-development and never live churn | GP1: Adj. for promotions, co-development and never live churn | GQ1: Adj. for promotions, co-development and never live churn | GR1: Adj. for promotions, co-development and never live churn | GS1: Adj. for promotions, co-development and never live churn | GT1: Adj. for promotions, co-development and never live churn | GU1: Adj. for promotions, co-development and never live churn | GV1: Adj. for promotions, co-development and never live churn | GW1: Adj. for promotions, co-development and never live churn | GX1: Adj. for promotions, co-development and never live churn | GY1: Adj. for promotions, co-development and never live churn | GZ1: Adj. for promotions, co-development and never live churn | HA1: Adj. for promotions, co-development and never live churn | HB1: Adj. for promotions, co-development and never live churn | HC1: Adj. for promotions, co-development and never live churn | HD1: Adj. for promotions, co-development and never live churn | HE1: Adj. for promotions, co-development and never live churn | HF1: Adj. for promotions, co-development and never live churn | HG1: Adj. for promotions, co-development and never live churn | HH1: Adj. for promotions, co-development and never live churn | HI1: Adj. for promotions, co-development and never live churn | HJ1: Adj. for promotions, co-development and never live churn | HK1: Adj. for promotions, co-development and never live churn | HL1: Adj. for promotions, co-development and never live churn | HM1: Adj. for promotions, co-development and never live churn | HN1: Adj. for promotions, co-development and never live churn | HO1: Adj. for promotions, co-development and never live churn | HP1: Adj. for promotions, co-development and never live churn | HQ1: Adj. for promotions, co-development and never live churn | HS1: Adj. for all involuntary churn | HT1: Adj. for all involuntary churn | HU1: Adj. for all involuntary churn | HV1: Adj. for all involuntary churn | HW1: Adj. for all involuntary churn | HX1: Adj. for all involuntary churn | HY1: Adj. for all involuntary churn | HZ1: Adj. for all involuntary churn | IA1: Adj. for all involuntary churn | IB1: Adj. for all involuntary churn | IC1: Adj. for all involuntary churn | ID1: Adj. for all involuntary churn | IE1: Adj. for all involuntary churn | IF1: Adj. for all involuntary churn | IG1: Adj. for all involuntary churn | IH1: Adj. for all involuntary churn | II1: Adj. for all involuntary churn | IJ1: Adj. for all involuntary churn | IK1: Adj. for all involuntary churn | IL1: Adj. for all involuntary churn | IM1: Adj. for all involuntary churn | IN1: Adj. for all involuntary churn | IO1: Adj. for all involuntary churn | IP1: Adj. for all involuntary churn | IQ1: Adj. for all involuntary churn | IR1: Adj. for all involuntary churn | IS1: Adj. for all involuntary churn | IT1: Adj. for all involuntary churn | IU1: Adj. for all involuntary churn | IV1: Adj. for all involuntary churn | IW1: Adj. for all involuntary churn | IX1: Adj. for all involuntary churn | IY1: Adj. for all involuntary churn | IZ1: Adj. for all involuntary churn | JA1: Adj. for all involuntary churn | JB1: Adj. for all involuntary churn | JC1: Adj. for all involuntary churn | JD1: Adj. for all involuntary churn | JE1: Adj. for all involuntary churn | JF1: Adj. for all involuntary churn | JG1: Adj. for all involuntary churn | JH1: Adj. for all involuntary churn | JI1: Adj. for all involuntary churn | JJ1: Adj. for all involuntary churn | JK1: Adj. for all involuntary churn | JL1: Adj. for all involuntary churn | JM1: Adj. for all involuntary churn | JN1: Adj. for all involuntary churn | JO1: Adj. for all involuntary churn | JP1: Adj. for all involuntary churn | JQ1: Adj. for all involuntary churn | JR1: Adj. for all involuntary churn | JS1: Adj. for all involuntary churn | JT1: Adj. for all involuntary churn | JU1: Adj. for all involuntary churn | JV1: Adj. for all involuntary churn | JW1: Adj. for all involuntary churn | JX1: Adj. for all involuntary churn | JY1: Adj. for all involuntary churn | JZ1: Adj. for all involuntary churn | KA1: Adj. for all involuntary churn | KB1: Adj. for all involuntary churn | KC1: Adj. for all involuntary churn | KD1: Adj. for all involuntary churn | KE1: Adj. for all involuntary churn | KF1: Adj. for all involuntary churn | KG1: Adj. for all involuntary churn | KH1: Adj. for all involuntary churn | KI1: Adj. for all involuntary churn | KJ1: Adj. for all involuntary churn | KK1: Adj. for all involuntary churn | KL1: Adj. for all involuntary churn
G2: 2021 | H2: 2021 | I2: 2021 | J2: 2021 | K2: 2021 | L2: 2021 | M2: 2021 | N2: 2021 | O2: 2021 | P2: 2021 | Q2: 2021 | R2: 2021 | S2: 2022 | T2: 2022 | U2: 2022 | V2: 2022 | W2: 2022 | X2: 2022 | Y2: 2022 | Z2: 2022 | AA2: 2022 | AB2: 2022 | AC2: 2022 | AD2: 2022 | AE2: 2023 | AF2: 2023 | AG2: 2023 | AH2: 2023 | AI2: 2023 | AJ2: 2023 | AK2: 2023 | AL2: 2023 | AM2: 2023 | AN2: 2023 | AO2: 2023 | AP2: 2023 | AQ2: 2024 | AR2: 2024 | AS2: 2024 | AT2: 2024 | AU2: 2024 | AV2: 2024 | AW2: 2024 | AX2: 2024 | AY2: 2024 | AZ2: 2024 | BA2: 2024 | BB2: 2024 | BC2: 2025 | BD2: 2025 | BE2: 2025 | BF2: 2025 | BG2: 2025 | BH2: 2025 | BI2: 2025 | BJ2: 2025 | BK2: 2025 | BL2: 2025 | BM2: 2025 | BN2: 2025 | BO2: 2026 | BP2: 2026 | BQ2: 2026 | BR2: 2026 | BS2: 2026 | BT2: 2026 | BU2: 2026 | BV2: 2026 | BW2: 2026 | BX2: 2026 | BY2: 2026 | BZ2: 2026 | CC2: 2021 | CD2: 2021 | CE2: 2021 | CF2: 2021 | CG2: 2021 | CH2: 2021 | CI2: 2021 | CJ2: 2021 | CK2: 2021 | CL2: 2021 | CM2: 2021 | CN2: 2021 | CO2: 2022 | CP2: 2022 | CQ2: 2022 | CR2: 2022 | CS2: 2022 | CT2: 2022 | CU2: 2022 | CV2: 2022 | CW2: 2022 | CX2: 2022 | CY2: 2022 | CZ2: 2022 | DA2: 2023 | DB2: 2023 | DC2: 2023 | DD2: 2023 | DE2: 2023 | DF2: 2023 | DG2: 2023 | DH2: 2023 | DI2: 2023 | DJ2: 2023 | DK2: 2023 | DL2: 2023 | DM2: 2024 | DN2: 2024 | DO2: 2024 | DP2: 2024 | DQ2: 2024 | DR2: 2024 | DS2: 2024 | DT2: 2024 | DU2: 2024 | DV2: 2024 | DW2: 2024 | DX2: 2024 | DY2: 2025 | DZ2: 2025 | EA2: 2025 | EB2: 2025 | EC2: 2025 | ED2: 2025 | EE2: 2025 | EF2: 2025 | EG2: 2025 | EH2: 2025 | EI2: 2025 | EJ2: 2025 | EK2: 2026 | EL2: 2026 | EM2: 2026 | EN2: 2026 | EO2: 2026 | EP2: 2026 | EQ2: 2026 | ER2: 2026 | ES2: 2026 | ET2: 2026 | EU2: 2026 | EV2: 2026 | EX2: 2021 | EY2: 2021 | EZ2: 2021 | FA2: 2021 | FB2: 2021 | FC2: 2021 | FD2: 2021 | FE2: 2021 | FF2: 2021 | FG2: 2021 | FH2: 2021 | FI2: 2021 | FJ2: 2022 | FK2: 2022 | FL2: 2022 | FM2: 2022 | FN2: 2022 | FO2: 2022 | FP2: 2022 | FQ2: 2022 | FR2: 2022 | FS2: 2022 | FT2: 2022 | FU2: 2022 | FV2: 2023 | FW2: 2023 | FX2: 2023 | FY2: 2023 | FZ2: 2023 | GA2: 2023 | GB2: 2023 | GC2: 2023 | GD2: 2023 | GE2: 2023 | GF2: 2023 | GG2: 2023 | GH2: 2024 | GI2: 2024 | GJ2: 2024 | GK2: 2024 | GL2: 2024 | GM2: 2024 | GN2: 2024 | GO2: 2024 | GP2: 2024 | GQ2: 2024 | GR2: 2024 | GS2: 2024 | GT2: 2025 | GU2: 2025 | GV2: 2025 | GW2: 2025 | GX2: 2025 | GY2: 2025 | GZ2: 2025 | HA2: 2025 | HB2: 2025 | HC2: 2025 | HD2: 2025 | HE2: 2025 | HF2: 2026 | HG2: 2026 | HH2: 2026 | HI2: 2026 | HJ2: 2026 | HK2: 2026 | HL2: 2026 | HM2: 2026 | HN2: 2026 | HO2: 2026 | HP2: 2026 | HQ2: 2026 | HS2: 2021 | HT2: 2021 | HU2: 2021 | HV2: 2021 | HW2: 2021 | HX2: 2021 | HY2: 2021 | HZ2: 2021 | IA2: 2021 | IB2: 2021 | IC2: 2021 | ID2: 2021 | IE2: 2022 | IF2: 2022 | IG2: 2022 | IH2: 2022 | II2: 2022 | IJ2: 2022 | IK2: 2022 | IL2: 2022 | IM2: 2022 | IN2: 2022 | IO2: 2022 | IP2: 2022 | IQ2: 2023 | IR2: 2023 | IS2: 2023 | IT2: 2023 | IU2: 2023 | IV2: 2023 | IW2: 2023 | IX2: 2023 | IY2: 2023 | IZ2: 2023 | JA2: 2023 | JB2: 2023 | JC2: 2024 | JD2: 2024 | JE2: 2024 | JF2: 2024 | JG2: 2024 | JH2: 2024 | JI2: 2024 | JJ2: 2024 | JK2: 2024 | JL2: 2024 | JM2: 2024 | JN2: 2024 | JO2: 2025 | JP2: 2025 | JQ2: 2025 | JR2: 2025 | JS2: 2025 | JT2: 2025 | JU2: 2025 | JV2: 2025 | JW2: 2025 | JX2: 2025 | JY2: 2025 | JZ2: 2025 | KA2: 2026 | KB2: 2026 | KC2: 2026 | KD2: 2026 | KE2: 2026 | KF2: 2026 | KG2: 2026 | KH2: 2026 | KI2: 2026 | KJ2: 2026 | KK2: 2026 | KL2: 2026
A3: Customer name | B3: Parent Account | C3: Customer type | D3: Geo | E3: Vertical | G3: 44197 | H3: 44255 | I3: 44286 | J3: 44316 | K3: 44347 | L3: 44377 | M3: 44408 | N3: 44439 | O3: 44469 | P3: 44500 | Q3: 44530 | R3: 44561 | S3: 44592 | T3: 44620 | U3: 44651 | V3: 44681 | W3: 44712 | X3: 44742 | Y3: 44773 | Z3: 44804 | AA3: 44834 | AB3: 44865 | AC3: 44895 | AD3: 44926 | AE3: 44957 | AF3: 44985 | AG3: 45016 | AH3: 45046 | AI3: 45077 | AJ3: 45107 | AK3: 45138 | AL3: 45169 | AM3: 45199 | AN3: 45230 | AO3: 45260 | AP3: 45291 | AQ3: 45322 | AR3: 45351 | AS3: 45382 | AT3: 45412 | AU3: 45443 | AV3: 45473 | AW3: 45504 | AX3: 45535 | AY3: 45565 | AZ3: 45596 | BA3: 45626 | BB3: 45657 | BC3: 45688 | BD3: 45716 | BE3: 45747 | BF3: 45777 | BG3: 45808 | BH3: 45838 | BI3: 45869 | BJ3: 45900 | BK3: 45930 | BL3: 45961 | BM3: 45991 | BN3: 46022 | BO3: 46053 | BP3: 46081 | BQ3: 46112 | BR3: 46142 | BS3: 46173 | BT3: 46203 | BU3: 46234 | BV3: 46265 | BW3: 46295 | BX3: 46326 | BY3: 46356 | BZ3: 46387 | CC3: 44197 | CD3: 44255 | CE3: 44286 | CF3: 44316 | CG3: 44347 | CH3: 44377 | CI3: 44408 | CJ3: 44439 | CK3: 44469 | CL3: 44500 | CM3: 44530 | CN3: 44561 | CO3: 44592 | CP3: 44620 | CQ3: 44651 | CR3: 44681 | CS3: 44712 | CT3: 44742 | CU3: 44773 | CV3: 44804 | CW3: 44834 | CX3: 44865 | CY3: 44895 | CZ3: 44926 | DA3: 44957 | DB3: 44985 | DC3: 45016 | DD3: 45046 | DE3: 45077 | DF3: 45107 | DG3: 45138 | DH3: 45169 | DI3: 45199 | DJ3: 45230 | DK3: 45260 | DL3: 45291 | DM3: 45322 | DN3: 45351 | DO3: 45382 | DP3: 45412 | DQ3: 45443 | DR3: 45473 | DS3: 45504 | DT3: 45535 | DU3: 45565 | DV3: 45596 | DW3: 45626 | DX3: 45657 | DY3: 45688 | DZ3: 45716 | EA3: 45747 | EB3: 45777 | EC3: 45808 | ED3: 45838 | EE3: 45869 | EF3: 45900 | EG3: 45930 | EH3: 45961 | EI3: 45991 | EJ3: 46022 | EK3: 46053 | EL3: 46081 | EM3: 46112 | EN3: 46142 | EO3: 46173 | EP3: 46203 | EQ3: 46234 | ER3: 46265 | ES3: 46295 | ET3: 46326 | EU3: 46356 | EV3: 46387 | EX3: 44197 | EY3: 44255 | EZ3: 44286 | FA3: 44316 | FB3: 44347 | FC3: 44377 | FD3: 44408 | FE3: 44439 | FF3: 44469 | FG3: 44500 | FH3: 44530 | FI3: 44561 | FJ3: 44592 | FK3: 44620 | FL3: 44651 | FM3: 44681 | FN3: 44712 | FO3: 44742 | FP3: 44773 | FQ3: 44804 | FR3: 44834 | FS3: 44865 | FT3: 44895 | FU3: 44926 | FV3: 44957 | FW3: 44985 | FX3: 45016 | FY3: 45046 | FZ3: 45077 | GA3: 45107 | GB3: 45138 | GC3: 45169 | GD3: 45199 | GE3: 45230 | GF3: 45260 | GG3: 45291 | GH3: 45322 | GI3: 45351 | GJ3: 45382 | GK3: 45412 | GL3: 45443 | GM3: 45473 | GN3: 45504 | GO3: 45535 | GP3: 45565 | GQ3: 45596 | GR3: 45626 | GS3: 45657 | GT3: 45688 | GU3: 45716 | GV3: 45747 | GW3: 45777 | GX3: 45808 | GY3: 45838 | GZ3: 45869 | HA3: 45900 | HB3: 45930 | HC3: 45961 | HD3: 45991 | HE3: 46022 | HF3: 46053 | HG3: 46081 | HH3: 46112 | HI3: 46142 | HJ3: 46173 | HK3: 46203 | HL3: 46234 | HM3: 46265 | HN3: 46295 | HO3: 46326 | HP3: 46356 | HQ3: 46387 | HS3: 44197 | HT3: 44255 | HU3: 44286 | HV3: 44316 | HW3: 44347 | HX3: 44377 | HY3: 44408 | HZ3: 44439 | IA3: 44469 | IB3: 44500 | IC3: 44530 | ID3: 44561 | IE3: 44592 | IF3: 44620 | IG3: 44651 | IH3: 44681 | II3: 44712 | IJ3: 44742 | IK3: 44773 | IL3: 44804 | IM3: 44834 | IN3: 44865 | IO3: 44895 | IP3: 44926 | IQ3: 44957 | IR3: 44985 | IS3: 45016 | IT3: 45046 | IU3: 45077 | IV3: 45107 | IW3: 45138 | IX3: 45169 | IY3: 45199 | IZ3: 45230 | JA3: 45260 | JB3: 45291 | JC3: 45322 | JD3: 45351 | JE3: 45382 | JF3: 45412 | JG3: 45443 | JH3: 45473 | JI3: 45504 | JJ3: 45535 | JK3: 45565 | JL3: 45596 | JM3: 45626 | JN3: 45657 | JO3: 45688 | JP3: 45716 | JQ3: 45747 | JR3: 45777 | JS3: 45808 | JT3: 45838 | JU3: 45869 | JV3: 45900 | JW3: 45930 | JX3: 45961 | JY3: 45991 | JZ3: 46022 | KA3: 46053 | KB3: 46081 | KC3: 46112 | KD3: 46142 | KE3: 46173 | KF3: 46203 | KG3: 46234 | KH3: 46265 | KI3: 46295 | KJ3: 46326 | KK3: 46356 | KL3: 46387
A5: Summary
A6: Existing customers | G6: 123697.7 | H6: 126688.33 | I6: 125139.17 | J6: 126521.17 | K6: 129219.07 | L6: 131485.74 | M6: 121101.09 | N6: 129048.5 | O6: 131592.33 | P6: 135850.66 | Q6: 136434 | R6: 135638.37 | S6: 136877.37 | T6: 138159.3 | U6: 138600.96 | V6: 139746.51 | W6: 139754.85 | X6: 141777.73 | Y6: 139104.21 | Z6: 139750.04 | AA6: 148228.34 | AB6: 151426.17 | AC6: 153796.59 | AD6: 165253.26 | AE6: 298017.35 | AF6: 301392.78 | AG6: 300500.97 | AH6: 300521.89 | AI6: 303117.75 | AJ6: 299197.54 | AK6: 299527.88 | AL6: 300741.91 | AM6: 305767.64 | AN6: 306921.79 | AO6: 306921.79 | AP6: 308418.17 | AQ6: 226129.73 | AR6: 226870.54 | AS6: 226182.35 | AT6: 225515.68 | AU6: 225515.68 | AV6: 232767.37 | AW6: 252970.04 | AX6: 253367.84 | AY6: 252988.82 | AZ6: 254879.02 | BA6: 259512.35 | BB6: 257376.42 | BC6: 269010.9 | BD6: 262314.31 | BE6: 270771.84 | BF6: 278271.66 | BG6: 314593.27 | BH6: 312190.43 | BI6: 305383.36 | BJ6: 307742.14 | BK6: 301294.75 | BL6: 302138.25 | BM6: 301623.85 | BN6: 301006.77 | BO6: 380330.25 | BP6: 376627.04 | BQ6: 378235.71 | BR6: 382308.27 | BS6: 377853.27 | BT6: 377853.27 | BU6: 377853.27 | BV6: 377853.27 | BW6: 377853.27 | BX6: 377853.27 | BY6: 377853.27 | BZ6: 377853.27 | CC6: -31114 | CD6: -32220.233 | CE6: -30962.733 | CF6: -30962.733 | CG6: -30962.733 | CH6: -31354.417 | CI6: -18679.417 | CJ6: -18679.4 | CK6: -19802.333 | CL6: -19802.333 | CM6: -20269 | CN6: -20269 | CO6: -22519 | CP6: -23453.167 | CQ6: -23603.167 | CR6: -23603.167 | CS6: -23611.5 | CT6: -23611.5 | CU6: -18911.5 | CV6: -18911.5 | CW6: -19428.167 | CX6: -20769.827 | CY6: -20769.833 | CZ6: -32762.333 | DA6: -131736.45 | DB6: -130272.28 | DC6: -129067.28 | DD6: -129067.28 | DE6: -129615.45 | DF6: -130498.78 | DG6: -130498.78 | DH6: -130635.03 | DI6: -130699.61 | DJ6: -131012.11 | DK6: -131012.11 | DL6: -126755.73 | DM6: -26231.589 | DN6: -26588.637 | DO6: -26363.637 | DP6: -26363.637 | DQ6: -26363.637 | DR6: -24838.327 | DS6: -29447.91 | DT6: -28999.169 | DU6: -28999.169 | DV6: -29099.169 | DW6: -28515.836 | DX6: -22135.269 | DY6: -18385.269 | DZ6: -15676.509 | EA6: -15676.509 | EB6: -20131.509 | EC6: -20161.509 | ED6: -17190.667 | EE6: -11281.083 | EF6: -11281.083 | EG6: -8091.5 | EH6: -5138.3333 | EI6: -5138.3333 | EJ6: -4455 | EK6: -4455 | EL6: -4455 | EM6: -4455 | EN6: -4455 | EO6: 0 | EP6: 0 | EQ6: 0 | ER6: 0 | ES6: 0 | ET6: 0 | EU6: 0 | EV6: 0 | EX6: 106022.7 | EY6: 109013.33 | EZ6: 107464.17 | FA6: 108846.17 | FB6: 111544.07 | FC6: 113810.74 | FD6: 117351.09 | FE6: 125298.5 | FF6: 127842.33 | FG6: 132100.66 | FH6: 132684 | FI6: 131888.37 | FJ6: 130877.37 | FK6: 132159.3 | FL6: 132600.96 | FM6: 133746.51 | FN6: 133754.85 | FO6: 135777.73 | FP6: 133104.21 | FQ6: 133750.04 | FR6: 142228.34 | FS6: 145426.17 | FT6: 147796.59 | FU6: 147560.76 | FV6: 181350.74 | FW6: 184726.16 | FX6: 183834.36 | FY6: 183855.28 | FZ6: 186451.14 | GA6: 182530.92 | GB6: 182861.26 | GC6: 184075.29 | GD6: 189101.03 | GE6: 190255.18 | GF6: 190255.18 | GG6: 196405.15 | GH6: 215340.83 | GI6: 216081.64 | GJ6: 215393.45 | GK6: 214726.78 | GL6: 214726.78 | GM6: 221978.47 | GN6: 236271.56 | GO6: 236669.35 | GP6: 236290.34 | GQ6: 238180.53 | GR6: 242813.87 | GS6: 247716.84 | GT6: 263101.32 | GU6: 256404.72 | GV6: 264862.26 | GW6: 267907.07 | GX6: 304228.69 | GY6: 301825.85 | GZ6: 300928.36 | HA6: 303287.14 | HB6: 296839.75 | HC6: 297683.25 | HD6: 297168.85 | HE6: 296551.77 | HF6: 375875.25 | HG6: 372172.04 | HH6: 373780.71 | HI6: 377853.27 | HJ6: 377853.27 | HK6: 377853.27 | HL6: 377853.27 | HM6: 377853.27 | HN6: 377853.27 | HO6: 377853.27 | HP6: 377853.27 | HQ6: 377853.27 | HS6: 92583.7 | HT6: 94468.1 | HU6: 94176.434 | HV6: 95558.434 | HW6: 98256.334 | HX6: 100131.32 | HY6: 102421.67 | HZ6: 110369.1 | IA6: 111789.99 | IB6: 116048.33 | IC6: 116165 | ID6: 115369.37 | IE6: 114358.37 | IF6: 114706.13 | IG6: 114997.8 | IH6: 116143.34 | II6: 116143.35 | IJ6: 118166.23 | IK6: 120192.71 | IL6: 120838.54 | IM6: 128800.18 | IN6: 130656.34 | IO6: 133026.76 | IP6: 132490.93 | IQ6: 166280.9 | IR6: 171120.5 | IS6: 171433.69 | IT6: 171454.61 | IU6: 173502.3 | IV6: 168698.76 | IW6: 169029.1 | IX6: 170106.88 | IY6: 175068.03 | IZ6: 175909.68 | JA6: 175909.68 | JB6: 181662.44 | JC6: 199898.14 | JD6: 200281.91 | JE6: 199818.71 | JF6: 199152.04 | JG6: 199152.04 | JH6: 207929.05 | JI6: 223522.13 | JJ6: 224368.67 | JK6: 223989.65 | JL6: 225779.85 | JM6: 230996.52 | JN6: 235241.15 | JO6: 250625.63 | JP6: 246637.8 | JQ6: 255095.33 | JR6: 258140.15 | JS6: 294431.76 | JT6: 294999.77 | JU6: 294102.28 | JV6: 296461.06 | JW6: 293203.25 | JX6: 296999.92 | JY6: 296485.51 | JZ6: 296551.77 | KA6: 375875.25 | KB6: 372172.04 | KC6: 373780.71 | KD6: 377853.27 | KE6: 377853.27 | KF6: 377853.27 | KG6: 377853.27 | KH6: 377853.27 | KI6: 377853.27 | KJ6: 377853.27 | KK6: 377853.27 | KL6: 377853.27
A7: Pipeline to be signed/unidentified changes | G7: 0 | H7: 0 | I7: 0 | J7: 0 | K7: 0 | L7: 0 | M7: 0 | N7: 0 | O7: 0 | P7: 0 | Q7: 0 | R7: 0 | S7: 0 | T7: 0 | U7: 0 | V7: 0 | W7: 0 | X7: 0 | Y7: 0 | Z7: 0 | AA7: 0 | AB7: 0 | AC7: 0 | AD7: 0 | AE7: 0 | AF7: 0 | AG7: 0 | AH7: 0 | AI7: 0 | AJ7: 0 | AK7: 0 | AL7: 0 | AM7: 0 | AN7: 0 | AO7: 0 | AP7: 0 | AQ7: 0 | AR7: 0 | AS7: 0 | AT7: 0 | AU7: 0 | AV7: 0 | AW7: 0 | AX7: 0 | AY7: 0 | AZ7: 0 | BA7: 0 | BB7: 0 | BC7: 0 | BD7: 0 | BE7: 0 | BF7: 0 | BG7: 0 | BH7: 0 | BI7: 0 | BJ7: 0 | BK7: 0 | BL7: 0 | BM7: 0 | BN7: 0 | BO7: 0 | BP7: 0 | BQ7: 0 | BR7: 0 | BS7: -421.41477 | BT7: 41829.81 | BU7: 41435.437 | BV7: 43297.182 | BW7: 42903.487 | BX7: 44765.917 | BY7: 87039.58 | BZ7: 88917.85 | CC7: 0 | CD7: 0 | CE7: 0 | CF7: 0 | CG7: 0 | CH7: 0 | CI7: 0 | CJ7: 0 | CK7: 0 | CL7: 0 | CM7: 0 | CN7: 0 | CO7: 0 | CP7: 0 | CQ7: 0 | CR7: 0 | CS7: 0 | CT7: 0 | CU7: 0 | CV7: 0 | CW7: 0 | CX7: 0 | CY7: 0 | CZ7: 0 | DA7: 0 | DB7: 0 | DC7: 0 | DD7: 0 | DE7: 0 | DF7: 0 | DG7: 0 | DH7: 0 | DI7: 0 | DJ7: 0 | DK7: 0 | DL7: 0 | DM7: 0 | DN7: 0 | DO7: 0 | DP7: 0 | DQ7: 0 | DR7: 0 | DS7: 0 | DT7: 0 | DU7: 0 | DV7: 0 | DW7: 0 | DX7: 0 | DY7: 0 | DZ7: 0 | EA7: 0 | EB7: 0 | EC7: 0 | ED7: 0 | EE7: 0 | EF7: 0 | EG7: 0 | EH7: 0 | EI7: 0 | EJ7: 0 | EK7: 0 | EL7: 0 | EM7: 0 | EN7: 0 | EO7: 0 | EP7: 0 | EQ7: 0 | ER7: 0 | ES7: 0 | ET7: 0 | EU7: 0 | EV7: 0 | EX7: 0 | EY7: 0 | EZ7: 0 | FA7: 0 | FB7: 0 | FC7: 0 | FD7: 0 | FE7: 0 | FF7: 0 | FG7: 0 | FH7: 0 | FI7: 0 | FJ7: 0 | FK7: 0 | FL7: 0 | FM7: 0 | FN7: 0 | FO7: 0 | FP7: 0 | FQ7: 0 | FR7: 0 | FS7: 0 | FT7: 0 | FU7: 0 | FV7: 0 | FW7: 0 | FX7: 0 | FY7: 0 | FZ7: 0 | GA7: 0 | GB7: 0 | GC7: 0 | GD7: 0 | GE7: 0 | GF7: 0 | GG7: 0 | GH7: 0 | GI7: 0 | GJ7: 0 | GK7: 0 | GL7: 0 | GM7: 0 | GN7: 0 | GO7: 0 | GP7: 0 | GQ7: 0 | GR7: 0 | GS7: 0 | GT7: 0 | GU7: 0 | GV7: 0 | GW7: 0 | GX7: 0 | GY7: 0 | GZ7: 0 | HA7: 0 | HB7: 0 | HC7: 0 | HD7: 0 | HE7: 0 | HF7: 0 | HG7: 0 | HH7: 0 | HI7: 0 | HJ7: -421.41477 | HK7: 41829.81 | HL7: 41435.437 | HM7: 43297.182 | HN7: 42903.487 | HO7: 44765.917 | HP7: 87039.58 | HQ7: 88917.85 | HS7: 0 | HT7: 0 | HU7: 0 | HV7: 0 | HW7: 0 | HX7: 0 | HY7: 0 | HZ7: 0 | IA7: 0 | IB7: 0 | IC7: 0 | ID7: 0 | IE7: 0 | IF7: 0 | IG7: 0 | IH7: 0 | II7: 0 | IJ7: 0 | IK7: 0 | IL7: 0 | IM7: 0 | IN7: 0 | IO7: 0 | IP7: 0 | IQ7: 0 | IR7: 0 | IS7: 0 | IT7: 0 | IU7: 0 | IV7: 0 | IW7: 0 | IX7: 0 | IY7: 0 | IZ7: 0 | JA7: 0 | JB7: 0 | JC7: 0 | JD7: 0 | JE7: 0 | JF7: 0 | JG7: 0 | JH7: 0 | JI7: 0 | JJ7: 0 | JK7: 0 | JL7: 0 | JM7: 0 | JN7: 0 | JO7: 0 | JP7: 0 | JQ7: 0 | JR7: 0 | JS7: 0 | JT7: 0 | JU7: 0 | JV7: 0 | JW7: 0 | JX7: 0 | JY7: 0 | JZ7: 0 | KA7: 0 | KB7: 0 | KC7: 0 | KD7: 0 | KE7: -421.41477 | KF7: 41829.81 | KG7: 41435.437 | KH7: 43297.182 | KI7: 42903.487 | KJ7: 44765.917 | KK7: 87039.58 | KL7: 88917.85
A8: Total | G8: 123697.7 | H8: 126688.33 | I8: 125139.17 | J8: 126521.17 | K8: 129219.07 | L8: 131485.74 | M8: 121101.09 | N8: 129048.5 | O8: 131592.33 | P8: 135850.66 | Q8: 136434 | R8: 135638.37 | S8: 136877.37 | T8: 138159.3 | U8: 138600.96 | V8: 139746.51 | W8: 139754.85 | X8: 141777.73 | Y8: 139104.21 | Z8: 139750.04 | AA8: 148228.34 | AB8: 151426.17 | AC8: 153796.59 | AD8: 165253.26 | AE8: 298017.35 | AF8: 301392.78 | AG8: 300500.97 | AH8: 300521.89 | AI8: 303117.75 | AJ8: 299197.54 | AK8: 299527.88 | AL8: 300741.91 | AM8: 305767.64 | AN8: 306921.79 | AO8: 306921.79 | AP8: 308418.17 | AQ8: 226129.73 | AR8: 226870.54 | AS8: 226182.35 | AT8: 225515.68 | AU8: 225515.68 | AV8: 232767.37 | AW8: 252970.04 | AX8: 253367.84 | AY8: 252988.82 | AZ8: 254879.02 | BA8: 259512.35 | BB8: 257376.42 | BC8: 269010.9 | BD8: 262314.31 | BE8: 270771.84 | BF8: 278271.66 | BG8: 314593.27 | BH8: 312190.43 | BI8: 305383.36 | BJ8: 307742.14 | BK8: 301294.75 | BL8: 302138.25 | BM8: 301623.85 | BN8: 301006.77 | BO8: 380330.25 | BP8: 376627.04 | BQ8: 378235.71 | BR8: 382308.27 | BS8: 377431.85 | BT8: 419683.08 | BU8: 419288.7 | BV8: 421150.45 | BW8: 420756.75 | BX8: 422619.18 | BY8: 464892.85 | BZ8: 466771.12 | CC8: -31114 | CD8: -32220.233 | CE8: -30962.733 | CF8: -30962.733 | CG8: -30962.733 | CH8: -31354.417 | CI8: -18679.417 | CJ8: -18679.4 | CK8: -19802.333 | CL8: -19802.333 | CM8: -20269 | CN8: -20269 | CO8: -22519 | CP8: -23453.167 | CQ8: -23603.167 | CR8: -23603.167 | CS8: -23611.5 | CT8: -23611.5 | CU8: -18911.5 | CV8: -18911.5 | CW8: -19428.167 | CX8: -20769.827 | CY8: -20769.833 | CZ8: -32762.333 | DA8: -131736.45 | DB8: -130272.28 | DC8: -129067.28 | DD8: -129067.28 | DE8: -129615.45 | DF8: -130498.78 | DG8: -130498.78 | DH8: -130635.03 | DI8: -130699.61 | DJ8: -131012.11 | DK8: -131012.11 | DL8: -126755.73 | DM8: -26231.589 | DN8: -26588.637 | DO8: -26363.637 | DP8: -26363.637 | DQ8: -26363.637 | DR8: -24838.327 | DS8: -29447.91 | DT8: -28999.169 | DU8: -28999.169 | DV8: -29099.169 | DW8: -28515.836 | DX8: -22135.269 | DY8: -18385.269 | DZ8: -15676.509 | EA8: -15676.509 | EB8: -20131.509 | EC8: -20161.509 | ED8: -17190.667 | EE8: -11281.083 | EF8: -11281.083 | EG8: -8091.5 | EH8: -5138.3333 | EI8: -5138.3333 | EJ8: -4455 | EK8: -4455 | EL8: -4455 | EM8: -4455 | EN8: -4455 | EO8: 0 | EP8: 0 | EQ8: 0 | ER8: 0 | ES8: 0 | ET8: 0 | EU8: 0 | EV8: 0 | EX8: 106022.7 | EY8: 109013.33 | EZ8: 107464.17 | FA8: 108846.17 | FB8: 111544.07 | FC8: 113810.74 | FD8: 117351.09 | FE8: 125298.5 | FF8: 127842.33 | FG8: 132100.66 | FH8: 132684 | FI8: 131888.37 | FJ8: 130877.37 | FK8: 132159.3 | FL8: 132600.96 | FM8: 133746.51 | FN8: 133754.85 | FO8: 135777.73 | FP8: 133104.21 | FQ8: 133750.04 | FR8: 142228.34 | FS8: 145426.17 | FT8: 147796.59 | FU8: 147560.76 | FV8: 181350.74 | FW8: 184726.16 | FX8: 183834.36 | FY8: 183855.28 | FZ8: 186451.14 | GA8: 182530.92 | GB8: 182861.26 | GC8: 184075.29 | GD8: 189101.03 | GE8: 190255.18 | GF8: 190255.18 | GG8: 196405.15 | GH8: 215340.83 | GI8: 216081.64 | GJ8: 215393.45 | GK8: 214726.78 | GL8: 214726.78 | GM8: 221978.47 | GN8: 236271.56 | GO8: 236669.35 | GP8: 236290.34 | GQ8: 238180.53 | GR8: 242813.87 | GS8: 247716.84 | GT8: 263101.32 | GU8: 256404.72 | GV8: 264862.26 | GW8: 267907.07 | GX8: 304228.69 | GY8: 301825.85 | GZ8: 300928.36 | HA8: 303287.14 | HB8: 296839.75 | HC8: 297683.25 | HD8: 297168.85 | HE8: 296551.77 | HF8: 375875.25 | HG8: 372172.04 | HH8: 373780.71 | HI8: 377853.27 | HJ8: 377431.85 | HK8: 419683.08 | HL8: 419288.7 | HM8: 421150.45 | HN8: 420756.75 | HO8: 422619.18 | HP8: 464892.85 | HQ8: 466771.12 | HS8: 92583.7 | HT8: 94468.1 | HU8: 94176.434 | HV8: 95558.434 | HW8: 98256.334 | HX8: 100131.32 | HY8: 102421.67 | HZ8: 110369.1 | IA8: 111789.99 | IB8: 116048.33 | IC8: 116165 | ID8: 115369.37 | IE8: 114358.37 | IF8: 114706.13 | IG8: 114997.8 | IH8: 116143.34 | II8: 116143.35 | IJ8: 118166.23 | IK8: 120192.71 | IL8: 120838.54 | IM8: 128800.18 | IN8: 130656.34 | IO8: 133026.76 | IP8: 132490.93 | IQ8: 166280.9 | IR8: 171120.5 | IS8: 171433.69 | IT8: 171454.61 | IU8: 173502.3 | IV8: 168698.76 | IW8: 169029.1 | IX8: 170106.88 | IY8: 175068.03 | IZ8: 175909.68 | JA8: 175909.68 | JB8: 181662.44 | JC8: 199898.14 | JD8: 200281.91 | JE8: 199818.71 | JF8: 199152.04 | JG8: 199152.04 | JH8: 207929.05 | JI8: 223522.13 | JJ8: 224368.67 | JK8: 223989.65 | JL8: 225779.85 | JM8: 230996.52 | JN8: 235241.15 | JO8: 250625.63 | JP8: 246637.8 | JQ8: 255095.33 | JR8: 258140.15 | JS8: 294431.76 | JT8: 294999.77 | JU8: 294102.28 | JV8: 296461.06 | JW8: 293203.25 | JX8: 296999.92 | JY8: 296485.51 | JZ8: 296551.77 | KA8: 375875.25 | KB8: 372172.04 | KC8: 373780.71 | KD8: 377853.27 | KE8: 377431.85 | KF8: 419683.08 | KG8: 419288.7 | KH8: 421150.45 | KI8: 420756.75 | KJ8: 422619.18 | KK8: 464892.85 | KL8: 466771.12
G9: 0 | H9: 0 | I9: 0 | J9: 0 | K9: 0 | L9: 0 | M9: 0 | N9: 0 | O9: 0 | P9: 0 | Q9: 0 | R9: 0 | S9: 0 | T9: 0 | U9: 0 | V9: 0 | W9: 0 | X9: 0 | Y9: 0 | Z9: 0 | AA9: 0 | AB9: 0 | AC9: 0 | AD9: 0 | AE9: 0 | AF9: 0 | AG9: 0 | AH9: 0 | AI9: 0 | AJ9: 0 | AK9: 0 | AL9: 0 | AM9: 0 | AN9: 0 | AO9: 0 | AP9: 0 | AQ9: 0 | AR9: 0 | AS9: 0 | AT9: 0 | AU9: 0 | AV9: 0 | AW9: 0 | AX9: 0 | AY9: 0 | AZ9: 0 | BA9: 0 | BB9: 0 | BC9: 0 | BD9: 0 | BE9: 0 | BF9: 0 | BG9: 0 | BH9: 0 | BI9: 0 | BJ9: 0 | BK9: 0 | BL9: 0 | BM9: 0 | BN9: 0 | BO9: 0 | BP9: 0 | BQ9: 0 | BR9: 0 | BS9: 0 | BT9: 0 | BU9: 0 | BV9: 0 | BW9: 0 | BX9: 0 | BY9: 0 | BZ9: 0 | CC9: 0 | CD9: 0 | CE9: 0 | CF9: 0 | CG9: 0 | CH9: 0 | CI9: 0 | CJ9: 0 | CK9: 0 | CL9: 0 | CM9: 0 | CN9: 0 | CO9: 0 | CP9: 0 | CQ9: 0 | CR9: 0 | CS9: 0 | CT9: 0 | CU9: 0 | CV9: 0 | CW9: 0 | CX9: 0 | CY9: 0 | CZ9: 0 | DA9: 0 | DB9: 0 | DC9: 0 | DD9: 0 | DE9: 0 | DF9: 0 | DG9: 0 | DH9: 0 | DI9: 0 | DJ9: 0 | DK9: 0 | DL9: 0 | DM9: 0 | DN9: 0 | DO9: 0 | DP9: 0 | DQ9: 0 | DR9: 0 | DS9: 0 | DT9: 0 | DU9: 0 | DV9: 0 | DW9: 0 | DX9: 0 | DY9: 0 | DZ9: 0 | EA9: 0 | EB9: 0 | EC9: 0 | ED9: 0 | EE9: 0 | EF9: 0 | EG9: 0 | EH9: 0 | EI9: 0 | EJ9: 0 | EK9: 0 | EL9: 0 | EM9: 0 | EN9: 0 | EO9: 0 | EP9: 0 | EQ9: 0 | ER9: 0 | ES9: 0 | ET9: 0 | EU9: 0 | EV9: 0 | EX9: 0 | EY9: 0 | EZ9: 0 | FA9: 0 | FB9: 0 | FC9: 0 | FD9: 0 | FE9: 0 | FF9: 0 | FG9: 0 | FH9: 0 | FI9: 0 | FJ9: 0 | FK9: 0 | FL9: 0 | FM9: 0 | FN9: 0 | FO9: 0 | FP9: 0 | FQ9: 0 | FR9: 0 | FS9: 0 | FT9: 0 | FU9: 0 | FV9: 0 | FW9: 0 | FX9: 0 | FY9: 0 | FZ9: 0 | GA9: 0 | GB9: 0 | GC9: 0 | GD9: 0 | GE9: 0 | GF9: 0 | GG9: 0 | GH9: 0 | GI9: 0 | GJ9: 0 | GK9: 0 | GL9: 0 | GM9: 0 | GN9: 0 | GO9: 0 | GP9: 0 | GQ9: 0 | GR9: 0 | GS9: 0 | GT9: 0 | GU9: 0 | GV9: 0 | GW9: 0 | GX9: 0 | GY9: 0 | GZ9: 0 | HA9: 0 | HB9: 0 | HC9: 0 | HD9: 0 | HE9: 0 | HF9: 0 | HG9: 0 | HH9: 0 | HI9: 0 | HJ9: 0 | HK9: 0 | HL9: 0 | HM9: 0 | HN9: 0 | HO9: 0 | HP9: 0 | HQ9: 0 | HS9: 0 | HT9: 0 | HU9: 0 | HV9: 0 | HW9: 0 | HX9: 0 | HY9: 0 | HZ9: 0 | IA9: 0 | IB9: 0 | IC9: 0 | ID9: 0 | IE9: 0 | IF9: 0 | IG9: 0 | IH9: 0 | II9: 0 | IJ9: 0 | IK9: 0 | IL9: 0 | IM9: 0 | IN9: 0 | IO9: 0 | IP9: 0 | IQ9: 0 | IR9: 0 | IS9: 0 | IT9: 0 | IU9: 0 | IV9: 0 | IW9: 0 | IX9: 0 | IY9: 0 | IZ9: 0 | JA9: 0 | JB9: 0 | JC9: 0 | JD9: 0 | JE9: 0 | JF9: 0 | JG9: 0 | JH9: 0 | JI9: 0 | JJ9: 0 | JK9: 0 | JL9: 0 | JM9: 0 | JN9: 0 | JO9: 0 | JP9: 0 | JQ9: 0 | JR9: 0 | JS9: 0 | JT9: 0 | JU9: 0 | JV9: 0 | JW9: 0 | JX9: 0 | JY9: 0 | JZ9: 0 | KA9: 0 | KB9: 0 | KC9: 0 | KD9: 0 | KE9: 0 | KF9: 0 | KG9: 0 | KH9: 0 | KI9: 0 | KJ9: 0 | KK9: 0 | KL9: 0
CB11: Rationale
A12: Local Account #1 from CA | B12: Local Parent Account #1 from CA | C12: Local | D12: CA | E12: Economic Development | G12: 0 | H12: 0 | I12: 0 | J12: 0 | K12: 0 | L12: 0 | M12: 0 | N12: 0 | O12: 0 | P12: 0 | Q12: 0 | R12: 0 | S12: 0 | T12: 0 | U12: 0 | V12: 0 | W12: 0 | X12: 0 | Y12: 0 | Z12: 0 | AA12: 0 | AB12: 0 | AC12: 0 | AD12: 0 | AE12: 0 | AF12: 0 | AG12: 0 | AH12: 0 | AI12: 0 | AJ12: 0 | AK12: 0 | AL12: 0 | AM12: 0 | AN12: 0 | AO12: 0 | AP12: 0 | AQ12: 0 | AR12: 0 | AS12: 0 | AT12: 0 | AU12: 0 | AV12: 0 | AW12: 0 | AX12: 0 | AY12: 0 | AZ12: 0 | BA12: 0 | BB12: 0 | BC12: 0 | BD12: 0 | BE12: 7973.8333 | BF12: 7973.8333 | BG12: 7973.8333 | BH12: 7973.8333 | BI12: 7973.8333 | BJ12: 7973.8333 | BK12: 7973.8333 | BL12: 7973.8333 | BM12: 7973.8333 | BN12: 7973.8333 | BO12: 7973.8333 | BP12: 7973.8333 | BQ12: 8236.25 | BR12: 8236.25 | BS12: 8236.25 | BT12: 8236.25 | BU12: 8236.25 | BV12: 8236.25 | BW12: 8236.25 | BX12: 8236.25 | BY12: 8236.25 | BZ12: 8236.25 | EX12: 0 | EY12: 0 | EZ12: 0 | FA12: 0 | FB12: 0 | FC12: 0 | FD12: 0 | FE12: 0 | FF12: 0 | FG12: 0 | FH12: 0 | FI12: 0 | FJ12: 0 | FK12: 0 | FL12: 0 | FM12: 0 | FN12: 0 | FO12: 0 | FP12: 0 | FQ12: 0 | FR12: 0 | FS12: 0 | FT12: 0 | FU12: 0 | FV12: 0 | FW12: 0 | FX12: 0 | FY12: 0 | FZ12: 0 | GA12: 0 | GB12: 0 | GC12: 0 | GD12: 0 | GE12: 0 | GF12: 0 | GG12: 0 | GH12: 0 | GI12: 0 | GJ12: 0 | GK12: 0 | GL12: 0 | GM12: 0 | GN12: 0 | GO12: 0 | GP12: 0 | GQ12: 0 | GR12: 0 | GS12: 0 | GT12: 0 | GU12: 0 | GV12: 7973.8333 | GW12: 7973.8333 | GX12: 7973.8333 | GY12: 7973.8333 | GZ12: 7973.8333 | HA12: 7973.8333 | HB12: 7973.8333 | HC12: 7973.8333 | HD12: 7973.8333 | HE12: 7973.8333 | HF12: 7973.8333 | HG12: 7973.8333 | HH12: 8236.25 | HI12: 8236.25 | HJ12: 8236.25 | HK12: 8236.25 | HL12: 8236.25 | HM12: 8236.25 | HN12: 8236.25 | HO12: 8236.25 | HP12: 8236.25 | HQ12: 8236.25 | HS12: 0 | HT12: 0 | HU12: 0 | HV12: 0 | HW12: 0 | HX12: 0 | HY12: 0 | HZ12: 0 | IA12: 0 | IB12: 0 | IC12: 0 | ID12: 0 | IE12: 0 | IF12: 0 | IG12: 0 | IH12: 0 | II12: 0 | IJ12: 0 | IK12: 0 | IL12: 0 | IM12: 0 | IN12: 0 | IO12: 0 | IP12: 0 | IQ12: 0 | IR12: 0 | IS12: 0 | IT12: 0 | IU12: 0 | IV12: 0 | IW12: 0 | IX12: 0 | IY12: 0 | IZ12: 0 | JA12: 0 | JB12: 0 | JC12: 0 | JD12: 0 | JE12: 0 | JF12: 0 | JG12: 0 | JH12: 0 | JI12: 0 | JJ12: 0 | JK12: 0 | JL12: 0 | JM12: 0 | JN12: 0 | JO12: 0 | JP12: 0 | JQ12: 7973.8333 | JR12: 7973.8333 | JS12: 7973.8333 | JT12: 7973.8333 | JU12: 7973.8333 | JV12: 7973.8333 | JW12: 7973.8333 | JX12: 7973.8333 | JY12: 7973.8333 | JZ12: 7973.8333 | KA12: 7973.8333 | KB12: 7973.8333 | KC12: 8236.25 | KD12: 8236.25 | KE12: 8236.25 | KF12: 8236.25 | KG12: 8236.25 | KH12: 8236.25 | KI12: 8236.25 | KJ12: 8236.25 | KK12: 8236.25 | KL12: 8236.25
A13: Local Account #2 from CA | B13: Local Parent Account #2 from CA | C13: Local | D13: CA | E13: Human Services | S13: 0 | T13: 0 | U13: 0 | V13: 0 | W13: 0 | X13: 0 | Y13: 0 | Z13: 0 | AA13: 0 | AB13: 0 | AC13: 0 | AD13: 0 | AE13: 0 | AF13: 0 | AG13: 0 | AH13: 0 | AI13: 0 | AJ13: 0 | AK13: 0 | AL13: 0 | AM13: 0 | AN13: 0 | AO13: 0 | AP13: 0 | AQ13: 0 | AR13: 0 | AS13: 0 | AT13: 0 | AU13: 0 | AV13: 0 | AW13: 5909.5833 | AX13: 5909.5833 | AY13: 5909.5833 | AZ13: 5909.5833 | BA13: 5909.5833 | BB13: 5909.5833 | BC13: 5909.5833 | BD13: 5909.5833 | BE13: 5909.5833 | BF13: 5909.5833 | BG13: 5909.5833 | BH13: 5909.5833 | BI13: 0 | BJ13: 0 | BK13: 0 | BL13: 0 | BM13: 0 | BN13: 0 | BO13: 0 | BP13: 0 | BQ13: 0 | BR13: 0 | BS13: 0 | BT13: 0 | BU13: 0 | BV13: 0 | BW13: 0 | BX13: 0 | BY13: 0 | BZ13: 0 | CB13: Never live | CC13: 0 | CD13: 0 | CE13: 0 | CF13: 0 | CG13: 0 | CH13: 0 | CI13: 0 | CJ13: 0 | CK13: 0 | CL13: 0 | CM13: 0 | CN13: 0 | CO13: 0 | CP13: 0 | CQ13: 0 | CR13: 0 | CS13: 0 | CT13: 0 | CU13: 0 | CV13: 0 | CW13: 0 | CX13: 0 | CY13: 0 | CZ13: 0 | DA13: 0 | DB13: 0 | DC13: 0 | DD13: 0 | DE13: 0 | DF13: 0 | DG13: 0 | DH13: 0 | DI13: 0 | DJ13: 0 | DK13: 0 | DL13: 0 | DM13: 0 | DN13: 0 | DO13: 0 | DP13: 0 | DQ13: 0 | DR13: 0 | DS13: -5909.5833 | DT13: -5909.5833 | DU13: -5909.5833 | DV13: -5909.5833 | DW13: -5909.5833 | DX13: -5909.5833 | DY13: -5909.5833 | DZ13: -5909.5833 | EA13: -5909.5833 | EB13: -5909.5833 | EC13: -5909.5833 | ED13: -5909.5833 | EE13: 0 | EF13: 0 | EG13: 0 | EH13: 0 | EI13: 0 | EJ13: 0 | EK13: 0 | EL13: 0 | EM13: 0 | EN13: 0 | EO13: 0 | EP13: 0 | EQ13: 0 | ER13: 0 | ES13: 0 | ET13: 0 | EU13: 0 | EV13: 0 | EX13: 0 | EY13: 0 | EZ13: 0 | FA13: 0 | FB13: 0 | FC13: 0 | FD13: 0 | FE13: 0 | FF13: 0 | FG13: 0 | FH13: 0 | FI13: 0 | FJ13: 0 | FK13: 0 | FL13: 0 | FM13: 0 | FN13: 0 | FO13: 0 | FP13: 0 | FQ13: 0 | FR13: 0 | FS13: 0 | FT13: 0 | FU13: 0 | FV13: 0 | FW13: 0 | FX13: 0 | FY13: 0 | FZ13: 0 | GA13: 0 | GB13: 0 | GC13: 0 | GD13: 0 | GE13: 0 | GF13: 0 | GG13: 0 | GH13: 0 | GI13: 0 | GJ13: 0 | GK13: 0 | GL13: 0 | GM13: 0 | GN13: 0 | GO13: 0 | GP13: 0 | GQ13: 0 | GR13: 0 | GS13: 0 | GT13: 0 | GU13: 0 | GV13: 0 | GW13: 0 | GX13: 0 | GY13: 0 | GZ13: 0 | HA13: 0 | HB13: 0 | HC13: 0 | HD13: 0 | HE13: 0 | HF13: 0 | HG13: 0 | HH13: 0 | HI13: 0 | HJ13: 0 | HK13: 0 | HL13: 0 | HM13: 0 | HN13: 0 | HO13: 0 | HP13: 0 | HQ13: 0 | HS13: 0 | HT13: 0 | HU13: 0 | HV13: 0 | HW13: 0 | HX13: 0 | HY13: 0 | HZ13: 0 | IA13: 0 | IB13: 0 | IC13: 0 | ID13: 0 | IE13: 0 | IF13: 0 | IG13: 0 | IH13: 0 | II13: 0 | IJ13: 0 | IK13: 0 | IL13: 0 | IM13: 0 | IN13: 0 | IO13: 0 | IP13: 0 | IQ13: 0 | IR13: 0 | IS13: 0 | IT13: 0 | IU13: 0 | IV13: 0 | IW13: 0 | IX13: 0 | IY13: 0 | IZ13: 0 | JA13: 0 | JB13: 0 | JC13: 0 | JD13: 0 | JE13: 0 | JF13: 0 | JG13: 0 | JH13: 0 | JI13: 0 | JJ13: 0 | JK13: 0 | JL13: 0 | JM13: 0 | JN13: 0 | JO13: 0 | JP13: 0 | JQ13: 0 | JR13: 0 | JS13: 0 | JT13: 0 | JU13: 0 | JV13: 0 | JW13: 0 | JX13: 0 | JY13: 0 | JZ13: 0 | KA13: 0 | KB13: 0 | KC13: 0 | KD13: 0 | KE13: 0 | KF13: 0 | KG13: 0 | KH13: 0 | KI13: 0 | KJ13: 0 | KK13: 0 | KL13: 0
A14: Local Account #3 from MI | B14: Local Parent Account #3 from MI | C14: Local | D14: MI | E14: Workforce Development | G14: 0 | H14: 0 | I14: 0 | J14: 0 | K14: 0 | L14: 0 | M14: 0 | N14: 0 | O14: 0 | P14: 0 | Q14: 0 | R14: 0 | S14: 0 | T14: 0 | U14: 0 | V14: 9364.5833 | W14: 9364.5833 | X14: 9364.5833 | Y14: 9364.5833 | Z14: 9364.5833 | AA14: 9364.5833 | AB14: 10979.083 | AC14: 10979.083 | AD14: 10979.083 | AE14: 10979.083 | AF14: 10979.083 | AG14: 10979.083 | AH14: 10333.333 | AI14: 10333.333 | AJ14: 10333.333 | AK14: 10333.333 | AL14: 10333.333 | AM14: 10333.333 | AN14: 10333.333 | AO14: 10333.333 | AP14: 10333.333 | AQ14: 10333.333 | AR14: 10333.333 | AS14: 10333.333 | AT14: 10333.333 | AU14: 10333.333 | AV14: 10333.333 | AW14: 10333.333 | AX14: 11431.257 | AY14: 11431.257 | AZ14: 11560.425 | BA14: 11560.425 | BB14: 12593.705 | BC14: 12593.705 | BD14: 12593.705 | BE14: 12593.705 | BF14: 12693.75 | BG14: 13727.03 | BH14: 13727.03 | BI14: 13727.03 | BJ14: 13727.03 | BK14: 13727.03 | BL14: 13727.03 | BM14: 13727.03 | BN14: 13727.03 | BO14: 13727.03 | BP14: 13727.03 | BQ14: 13727.03 | BR14: 13239.583 | BS14: 13239.583 | BT14: 13239.583 | BU14: 13239.583 | BV14: 13239.583 | BW14: 13239.583 | BX14: 13239.583 | BY14: 13239.583 | BZ14: 13239.583 | EX14: 0 | EY14: 0 | EZ14: 0 | FA14: 0 | FB14: 0 | FC14: 0 | FD14: 0 | FE14: 0 | FF14: 0 | FG14: 0 | FH14: 0 | FI14: 0 | FJ14: 0 | FK14: 0 | FL14: 0 | FM14: 9364.5833 | FN14: 9364.5833 | FO14: 9364.5833 | FP14: 9364.5833 | FQ14: 9364.5833 | FR14: 9364.5833 | FS14: 10979.083 | FT14: 10979.083 | FU14: 10979.083 | FV14: 10979.083 | FW14: 10979.083 | FX14: 10979.083 | FY14: 10333.333 | FZ14: 10333.333 | GA14: 10333.333 | GB14: 10333.333 | GC14: 10333.333 | GD14: 10333.333 | GE14: 10333.333 | GF14: 10333.333 | GG14: 10333.333 | GH14: 10333.333 | GI14: 10333.333 | GJ14: 10333.333 | GK14: 10333.333 | GL14: 10333.333 | GM14: 10333.333 | GN14: 10333.333 | GO14: 11431.257 | GP14: 11431.257 | GQ14: 11560.425 | GR14: 11560.425 | GS14: 12593.705 | GT14: 12593.705 | GU14: 12593.705 | GV14: 12593.705 | GW14: 12693.75 | GX14: 13727.03 | GY14: 13727.03 | GZ14: 13727.03 | HA14: 13727.03 | HB14: 13727.03 | HC14: 13727.03 | HD14: 13727.03 | HE14: 13727.03 | HF14: 13727.03 | HG14: 13727.03 | HH14: 13727.03 | HI14: 13239.583 | HJ14: 13239.583 | HK14: 13239.583 | HL14: 13239.583 | HM14: 13239.583 | HN14: 13239.583 | HO14: 13239.583 | HP14: 13239.583 | HQ14: 13239.583 | HS14: 0 | HT14: 0 | HU14: 0 | HV14: 0 | HW14: 0 | HX14: 0 | HY14: 0 | HZ14: 0 | IA14: 0 | IB14: 0 | IC14: 0 | ID14: 0 | IE14: 0 | IF14: 0 | IG14: 0 | IH14: 9364.5833 | II14: 9364.5833 | IJ14: 9364.5833 | IK14: 9364.5833 | IL14: 9364.5833 | IM14: 9364.5833 | IN14: 10979.083 | IO14: 10979.083 | IP14: 10979.083 | IQ14: 10979.083 | IR14: 10979.083 | IS14: 10979.083 | IT14: 10333.333 | IU14: 10333.333 | IV14: 10333.333 | IW14: 10333.333 | IX14: 10333.333 | IY14: 10333.333 | IZ14: 10333.333 | JA14: 10333.333 | JB14: 10333.333 | JC14: 10333.333 | JD14: 10333.333 | JE14: 10333.333 | JF14: 10333.333 | JG14: 10333.333 | JH14: 10333.333 | JI14: 10333.333 | JJ14: 11431.257 | JK14: 11431.257 | JL14: 11560.425 | JM14: 11560.425 | JN14: 12593.705 | JO14: 12593.705 | JP14: 12593.705 | JQ14: 12593.705 | JR14: 12693.75 | JS14: 13727.03 | JT14: 13727.03 | JU14: 13727.03 | JV14: 13727.03 | JW14: 13727.03 | JX14: 13727.03 | JY14: 13727.03 | JZ14: 13727.03 | KA14: 13727.03 | KB14: 13727.03 | KC14: 13727.03 | KD14: 13239.583 | KE14: 13239.583 | KF14: 13239.583 | KG14: 13239.583 | KH14: 13239.583 | KI14: 13239.583 | KJ14: 13239.583 | KK14: 13239.583 | KL14: 13239.583
A15: Local Account #4 from CA | B15: Local Parent Account #4 from CA | C15: Local | D15: CA | E15: Community Services | G15: 0 | H15: 0 | I15: 0 | J15: 0 | K15: 0 | L15: 0 | M15: 0 | N15: 0 | O15: 2608.6957 | P15: 2608.6957 | Q15: 2658.6957 | R15: 2658.6957 | S15: 2658.6957 | T15: 2658.6957 | U15: 2658.6957 | V15: 2658.6957 | W15: 2658.6957 | X15: 2658.6957 | Y15: 2658.6957 | Z15: 2658.6957 | AA15: 2550 | AB15: 2550 | AC15: 2550 | AD15: 2550 | AE15: 2550 | AF15: 2550 | AG15: 2550 | AH15: 2550 | AI15: 2550 | AJ15: 2550 | AK15: 2550 | AL15: 2550 | AM15: 2987 | AN15: 2987 | AO15: 2987 | AP15: 2987 | AQ15: 2987 | AR15: 2987 | AS15: 2987 | AT15: 2987 | AU15: 2987 | AV15: 2987 | AW15: 2987 | AX15: 2987 | AY15: 3926.875 | AZ15: 3926.875 | BA15: 3926.875 | BB15: 3926.875 | BC15: 3926.875 | BD15: 3926.875 | BE15: 3926.875 | BF15: 4132.875 | BG15: 4132.875 | BH15: 4132.875 | BI15: 5729.375 | BJ15: 5729.375 | BK15: 5613.5 | BL15: 5613.5 | BM15: 5613.5 | BN15: 5613.5 | BO15: 5613.5 | BP15: 5613.5 | BQ15: 5613.5 | BR15: 5613.5 | BS15: 5613.5 | BT15: 5613.5 | BU15: 5613.5 | BV15: 5613.5 | BW15: 5613.5 | BX15: 5613.5 | BY15: 5613.5 | BZ15: 5613.5 | EX15: 0 | EY15: 0 | EZ15: 0 | FA15: 0 | FB15: 0 | FC15: 0 | FD15: 0 | FE15: 0 | FF15: 2608.6957 | FG15: 2608.6957 | FH15: 2658.6957 | FI15: 2658.6957 | FJ15: 2658.6957 | FK15: 2658.6957 | FL15: 2658.6957 | FM15: 2658.6957 | FN15: 2658.6957 | FO15: 2658.6957 | FP15: 2658.6957 | FQ15: 2658.6957 | FR15: 2550 | FS15: 2550 | FT15: 2550 | FU15: 2550 | FV15: 2550 | FW15: 2550 | FX15: 2550 | FY15: 2550 | FZ15: 2550 | GA15: 2550 | GB15: 2550 | GC15: 2550 | GD15: 2987 | GE15: 2987 | GF15: 2987 | GG15: 2987 | GH15: 2987 | GI15: 2987 | GJ15: 2987 | GK15: 2987 | GL15: 2987 | GM15: 2987 | GN15: 2987 | GO15: 2987 | GP15: 3926.875 | GQ15: 3926.875 | GR15: 3926.875 | GS15: 3926.875 | GT15: 3926.875 | GU15: 3926.875 | GV15: 3926.875 | GW15: 4132.875 | GX15: 4132.875 | GY15: 4132.875 | GZ15: 5729.375 | HA15: 5729.375 | HB15: 5613.5 | HC15: 5613.5 | HD15: 5613.5 | HE15: 5613.5 | HF15: 5613.5 | HG15: 5613.5 | HH15: 5613.5 | HI15: 5613.5 | HJ15: 5613.5 | HK15: 5613.5 | HL15: 5613.5 | HM15: 5613.5 | HN15: 5613.5 | HO15: 5613.5 | HP15: 5613.5 | HQ15: 5613.5 | HS15: 0 | HT15: 0 | HU15: 0 | HV15: 0 | HW15: 0 | HX15: 0 | HY15: 0 | HZ15: 0 | IA15: 2608.6957 | IB15: 2608.6957 | IC15: 2658.6957 | ID15: 2658.6957 | IE15: 2658.6957 | IF15: 2658.6957 | IG15: 2658.6957 | IH15: 2658.6957 | II15: 2658.6957 | IJ15: 2658.6957 | IK15: 2658.6957 | IL15: 2658.6957 | IM15: 2550 | IN15: 2550 | IO15: 2550 | IP15: 2550 | IQ15: 2550 | IR15: 2550 | IS15: 2550 | IT15: 2550 | IU15: 2550 | IV15: 2550 | IW15: 2550 | IX15: 2550 | IY15: 2987 | IZ15: 2987 | JA15: 2987 | JB15: 2987 | JC15: 2987 | JD15: 2987 | JE15: 2987 | JF15: 2987 | JG15: 2987 | JH15: 2987 | JI15: 2987 | JJ15: 2987 | JK15: 3926.875 | JL15: 3926.875 | JM15: 3926.875 | JN15: 3926.875 | JO15: 3926.875 | JP15: 3926.875 | JQ15: 3926.875 | JR15: 4132.875 | JS15: 4132.875 | JT15: 4132.875 | JU15: 5729.375 | JV15: 5729.375 | JW15: 5613.5 | JX15: 5613.5 | JY15: 5613.5 | JZ15: 5613.5 | KA15: 5613.5 | KB15: 5613.5 | KC15: 5613.5 | KD15: 5613.5 | KE15: 5613.5 | KF15: 5613.5 | KG15: 5613.5 | KH15: 5613.5 | KI15: 5613.5 | KJ15: 5613.5 | KK15: 5613.5 | KL15: 5613.5
A16: Local Account #5 from OH | B16: Local Parent Account #5 from OH | C16: Local | D16: OH | E16: Community Services | G16: 0 | H16: 0 | I16: 0 | J16: 0 | K16: 0 | L16: 0 | M16: 0 | N16: 0 | O16: 0 | P16: 0 | Q16: 0 | R16: 0 | S16: 0 | T16: 0 | U16: 0 | V16: 0 | W16: 0 | X16: 0 | Y16: 0 | Z16: 0 | AA16: 525 | AB16: 525 | AC16: 525 | AD16: 525 | AE16: 525 | AF16: 525 | AG16: 525 | AH16: 525 | AI16: 525 | AJ16: 525 | AK16: 525 | AL16: 525 | AM16: 1215.8175 | AN16: 1215.8175 | AO16: 1215.8175 | AP16: 1215.8175 | AQ16: 1215.8175 | AR16: 1215.8175 | AS16: 1215.8175 | AT16: 1215.8175 | AU16: 1215.8175 | AV16: 1215.8175 | AW16: 1215.8175 | AX16: 1215.8175 | AY16: 750 | AZ16: 750 | BA16: 900 | BB16: 900 | BC16: 900 | BD16: 900 | BE16: 900 | BF16: 900 | BG16: 900 | BH16: 900 | BI16: 900 | BJ16: 900 | BK16: 825 | BL16: 825 | BM16: 825 | BN16: 825 | BO16: 825 | BP16: 825 | BQ16: 825 | BR16: 825 | BS16: 825 | BT16: 825 | BU16: 825 | BV16: 825 | BW16: 825 | BX16: 825 | BY16: 825 | BZ16: 825 | EX16: 0 | EY16: 0 | EZ16: 0 | FA16: 0 | FB16: 0 | FC16: 0 | FD16: 0 | FE16: 0 | FF16: 0 | FG16: 0 | FH16: 0 | FI16: 0 | FJ16: 0 | FK16: 0 | FL16: 0 | FM16: 0 | FN16: 0 | FO16: 0 | FP16: 0 | FQ16: 0 | FR16: 525 | FS16: 525 | FT16: 525 | FU16: 525 | FV16: 525 | FW16: 525 | FX16: 525 | FY16: 525 | FZ16: 525 | GA16: 525 | GB16: 525 | GC16: 525 | GD16: 1215.8175 | GE16: 1215.8175 | GF16: 1215.8175 | GG16: 1215.8175 | GH16: 1215.8175 | GI16: 1215.8175 | GJ16: 1215.8175 | GK16: 1215.8175 | GL16: 1215.8175 | GM16: 1215.8175 | GN16: 1215.8175 | GO16: 1215.8175 | GP16: 750 | GQ16: 750 | GR16: 900 | GS16: 900 | GT16: 900 | GU16: 900 | GV16: 900 | GW16: 900 | GX16: 900 | GY16: 900 | GZ16: 900 | HA16: 900 | HB16: 825 | HC16: 825 | HD16: 825 | HE16: 825 | HF16: 825 | HG16: 825 | HH16: 825 | HI16: 825 | HJ16: 825 | HK16: 825 | HL16: 825 | HM16: 825 | HN16: 825 | HO16: 825 | HP16: 825 | HQ16: 825 | HS16: 0 | HT16: 0 | HU16: 0 | HV16: 0 | HW16: 0 | HX16: 0 | HY16: 0 | HZ16: 0 | IA16: 0 | IB16: 0 | IC16: 0 | ID16: 0 | IE16: 0 | IF16: 0 | IG16: 0 | IH16: 0 | II16: 0 | IJ16: 0 | IK16: 0 | IL16: 0 | IM16: 525 | IN16: 525 | IO16: 525 | IP16: 525 | IQ16: 525 | IR16: 525 | IS16: 525 | IT16: 525 | IU16: 525 | IV16: 525 | IW16: 525 | IX16: 525 | IY16: 1215.8175 | IZ16: 1215.8175 | JA16: 1215.8175 | JB16: 1215.8175 | JC16: 1215.8175 | JD16: 1215.8175 | JE16: 1215.8175 | JF16: 1215.8175 | JG16: 1215.8175 | JH16: 1215.8175 | JI16: 1215.8175 | JJ16: 1215.8175 | JK16: 750 | JL16: 750 | JM16: 900 | JN16: 900 | JO16: 900 | JP16: 900 | JQ16: 900 | JR16: 900 | JS16: 900 | JT16: 900 | JU16: 900 | JV16: 900 | JW16: 825 | JX16: 825 | JY16: 825 | JZ16: 825 | KA16: 825 | KB16: 825 | KC16: 825 | KD16: 825 | KE16: 825 | KF16: 825 | KG16: 825 | KH16: 825 | KI16: 825 | KJ16: 825 | KK16: 825 | KL16: 825
A17: Local Account #6 from GA | B17: Local Parent Account #6 from GA | C17: Local | D17: GA | E17: Workforce Development | G17: 2266.6667 | H17: 2266.6667 | I17: 2266.6667 | J17: 2266.6667 | K17: 2266.6667 | L17: 2600.0167 | M17: 2600.0167 | N17: 2600 | O17: 2600 | P17: 2600 | Q17: 2600 | R17: 2600 | S17: 2600 | T17: 2600 | U17: 2600 | V17: 2600 | W17: 2600 | X17: 2600 | Y17: 2600 | Z17: 2600 | AA17: 2600 | AB17: 2600 | AC17: 2600 | AD17: 2600 | AE17: 2600 | AF17: 2600 | AG17: 2600 | AH17: 2600 | AI17: 2600 | AJ17: 2600 | AK17: 2600 | AL17: 2736.25 | AM17: 2736.25 | AN17: 2736.25 | AO17: 2736.25 | AP17: 2736.25 | AQ17: 2736.25 | AR17: 2736.25 | AS17: 2736.25 | AT17: 2736.25 | AU17: 2736.25 | AV17: 2736.25 | AW17: 2736.25 | AX17: 0 | AY17: 0 | AZ17: 0 | BA17: 0 | BB17: 0 | BC17: 0 | BD17: 0 | BE17: 0 | BF17: 0 | BG17: 0 | BH17: 0 | BI17: 0 | BJ17: 0 | BK17: 0 | BL17: 0 | BM17: 0 | BN17: 0 | BO17: 0 | BP17: 0 | BQ17: 0 | BR17: 0 | BS17: 0 | BT17: 0 | BU17: 0 | BV17: 0 | BW17: 0 | BX17: 0 | BY17: 0 | BZ17: 0 | CB17: Budget / funding | CC17: -2266.6667 | CD17: -2266.6667 | CE17: -2266.6667 | CF17: -2266.6667 | CG17: -2266.6667 | CH17: -2600.0167 | CI17: -2600.0167 | CJ17: -2600 | CK17: -2600 | CL17: -2600 | CM17: -2600 | CN17: -2600 | CO17: -2600 | CP17: -2600 | CQ17: -2600 | CR17: -2600 | CS17: -2600 | CT17: -2600 | CU17: -2600 | CV17: -2600 | CW17: -2600 | CX17: -2600 | CY17: -2600 | CZ17: -2600 | DA17: -2600 | DB17: -2600 | DC17: -2600 | DD17: -2600 | DE17: -2600 | DF17: -2600 | DG17: -2600 | DH17: -2736.25 | DI17: -2736.25 | DJ17: -2736.25 | DK17: -2736.25 | DL17: -2736.25 | DM17: -2736.25 | DN17: -2736.25 | DO17: -2736.25 | DP17: -2736.25 | DQ17: -2736.25 | DR17: -2736.25 | DS17: -2736.25 | DT17: 0 | DU17: 0 | DV17: 0 | DW17: 0 | DX17: 0 | DY17: 0 | DZ17: 0 | EA17: 0 | EB17: 0 | EC17: 0 | ED17: 0 | EE17: 0 | EF17: 0 | EG17: 0 | EH17: 0 | EI17: 0 | EJ17: 0 | EK17: 0 | EL17: 0 | EM17: 0 | EN17: 0 | EO17: 0 | EP17: 0 | EQ17: 0 | ER17: 0 | ES17: 0 | ET17: 0 | EU17: 0 | EV17: 0 | EX17: 2266.6667 | EY17: 2266.6667 | EZ17: 2266.6667 | FA17: 2266.6667 | FB17: 2266.6667 | FC17: 2600.0167 | FD17: 2600.0167 | FE17: 2600 | FF17: 2600 | FG17: 2600 | FH17: 2600 | FI17: 2600 | FJ17: 2600 | FK17: 2600 | FL17: 2600 | FM17: 2600 | FN17: 2600 | FO17: 2600 | FP17: 2600 | FQ17: 2600 | FR17: 2600 | FS17: 2600 | FT17: 2600 | FU17: 2600 | FV17: 2600 | FW17: 2600 | FX17: 2600 | FY17: 2600 | FZ17: 2600 | GA17: 2600 | GB17: 2600 | GC17: 2736.25 | GD17: 2736.25 | GE17: 2736.25 | GF17: 2736.25 | GG17: 2736.25 | GH17: 2736.25 | GI17: 2736.25 | GJ17: 2736.25 | GK17: 2736.25 | GL17: 2736.25 | GM17: 2736.25 | GN17: 2736.25 | GO17: 0 | GP17: 0 | GQ17: 0 | GR17: 0 | GS17: 0 | GT17: 0 | GU17: 0 | GV17: 0 | GW17: 0 | GX17: 0 | GY17: 0 | GZ17: 0 | HA17: 0 | HB17: 0 | HC17: 0 | HD17: 0 | HE17: 0 | HF17: 0 | HG17: 0 | HH17: 0 | HI17: 0 | HJ17: 0 | HK17: 0 | HL17: 0 | HM17: 0 | HN17: 0 | HO17: 0 | HP17: 0 | HQ17: 0 | HS17: 0 | HT17: 0 | HU17: 0 | HV17: 0 | HW17: 0 | HX17: 0 | HY17: 0 | HZ17: 0 | IA17: 0 | IB17: 0 | IC17: 0 | ID17: 0 | IE17: 0 | IF17: 0 | IG17: 0 | IH17: 0 | II17: 0 | IJ17: 0 | IK17: 0 | IL17: 0 | IM17: 0 | IN17: 0 | IO17: 0 | IP17: 0 | IQ17: 0 | IR17: 0 | IS17: 0 | IT17: 0 | IU17: 0 | IV17: 0 | IW17: 0 | IX17: 0 | IY17: 0 | IZ17: 0 | JA17: 0 | JB17: 0 | JC17: 0 | JD17: 0 | JE17: 0 | JF17: 0 | JG17: 0 | JH17: 0 | JI17: 0 | JJ17: 0 | JK17: 0 | JL17: 0 | JM17: 0 | JN17: 0 | JO17: 0 | JP17: 0 | JQ17: 0 | JR17: 0 | JS17: 0 | JT17: 0 | JU17: 0 | JV17: 0 | JW17: 0 | JX17: 0 | JY17: 0 | JZ17: 0 | KA17: 0 | KB17: 0 | KC17: 0 | KD17: 0 | KE17: 0 | KF17: 0 | KG17: 0 | KH17: 0 | KI17: 0 | KJ17: 0 | KK17: 0 | KL17: 0
A18: Local Account #7 from MD | B18: Local Parent Account #7 from MD | C18: Local | D18: MD | E18: Education | G18: 0 | H18: 0 | I18: 0 | J18: 0 | K18: 0 | L18: 0 | M18: 0 | N18: 0 | O18: 0 | P18: 0 | Q18: 0 | R18: 0 | S18: 0 | T18: 0 | U18: 0 | V18: 0 | W18: 0 | X18: 0 | Y18: 0 | Z18: 104.16667 | AA18: 104.16667 | AB18: 104.16667 | AC18: 104.16667 | AD18: 104.16667 | AE18: 104.16667 | AF18: 104.16667 | AG18: 104.16667 | AH18: 104.16667 | AI18: 104.16667 | AJ18: 104.16667 | AK18: 104.16667 | AL18: 104.16667 | AM18: 104.16667 | AN18: 104.16667 | AO18: 104.16667 | AP18: 104.16667 | AQ18: 104.16667 | AR18: 104.16667 | AS18: 104.16667 | AT18: 104.16667 | AU18: 104.16667 | AV18: 104.16667 | AW18: 104.16667 | AX18: 34.723333 | AY18: 34.723333 | AZ18: 34.723333 | BA18: 34.723333 | BB18: 34.723333 | BC18: 34.723333 | BD18: 34.723333 | BE18: 34.723333 | BF18: 451.39333 | BG18: 555.56333 | BH18: 555.56333 | BI18: 555.56333 | BJ18: 703.10667 | BK18: 703.10667 | BL18: 703.10667 | BM18: 703.10667 | BN18: 703.10667 | BO18: 703.10667 | BP18: 703.10667 | BQ18: 703.10667 | BR18: 703.10667 | BS18: 703.10667 | BT18: 703.10667 | BU18: 703.10667 | BV18: 703.10667 | BW18: 703.10667 | BX18: 703.10667 | BY18: 703.10667 | BZ18: 703.10667 | EX18: 0 | EY18: 0 | EZ18: 0 | FA18: 0 | FB18: 0 | FC18: 0 | FD18: 0 | FE18: 0 | FF18: 0 | FG18: 0 | FH18: 0 | FI18: 0 | FJ18: 0 | FK18: 0 | FL18: 0 | FM18: 0 | FN18: 0 | FO18: 0 | FP18: 0 | FQ18: 104.16667 | FR18: 104.16667 | FS18: 104.16667 | FT18: 104.16667 | FU18: 104.16667 | FV18: 104.16667 | FW18: 104.16667 | FX18: 104.16667 | FY18: 104.16667 | FZ18: 104.16667 | GA18: 104.16667 | GB18: 104.16667 | GC18: 104.16667 | GD18: 104.16667 | GE18: 104.16667 | GF18: 104.16667 | GG18: 104.16667 | GH18: 104.16667 | GI18: 104.16667 | GJ18: 104.16667 | GK18: 104.16667 | GL18: 104.16667 | GM18: 104.16667 | GN18: 104.16667 | GO18: 34.723333 | GP18: 34.723333 | GQ18: 34.723333 | GR18: 34.723333 | GS18: 34.723333 | GT18: 34.723333 | GU18: 34.723333 | GV18: 34.723333 | GW18: 451.39333 | GX18: 555.56333 | GY18: 555.56333 | GZ18: 555.56333 | HA18: 703.10667 | HB18: 703.10667 | HC18: 703.10667 | HD18: 703.10667 | HE18: 703.10667 | HF18: 703.10667 | HG18: 703.10667 | HH18: 703.10667 | HI18: 703.10667 | HJ18: 703.10667 | HK18: 703.10667 | HL18: 703.10667 | HM18: 703.10667 | HN18: 703.10667 | HO18: 703.10667 | HP18: 703.10667 | HQ18: 703.10667 | HS18: 0 | HT18: 0 | HU18: 0 | HV18: 0 | HW18: 0 | HX18: 0 | HY18: 0 | HZ18: 0 | IA18: 0 | IB18: 0 | IC18: 0 | ID18: 0 | IE18: 0 | IF18: 0 | IG18: 0 | IH18: 0 | II18: 0 | IJ18: 0 | IK18: 0 | IL18: 104.16667 | IM18: 104.16667 | IN18: 104.16667 | IO18: 104.16667 | IP18: 104.16667 | IQ18: 104.16667 | IR18: 104.16667 | IS18: 104.16667 | IT18: 104.16667 | IU18: 104.16667 | IV18: 104.16667 | IW18: 104.16667 | IX18: 104.16667 | IY18: 104.16667 | IZ18: 104.16667 | JA18: 104.16667 | JB18: 104.16667 | JC18: 104.16667 | JD18: 104.16667 | JE18: 104.16667 | JF18: 104.16667 | JG18: 104.16667 | JH18: 104.16667 | JI18: 104.16667 | JJ18: 34.723333 | JK18: 34.723333 | JL18: 34.723333 | JM18: 34.723333 | JN18: 34.723333 | JO18: 34.723333 | JP18: 34.723333 | JQ18: 34.723333 | JR18: 451.39333 | JS18: 555.56333 | JT18: 555.56333 | JU18: 555.56333 | JV18: 703.10667 | JW18: 703.10667 | JX18: 703.10667 | JY18: 703.10667 | JZ18: 703.10667 | KA18: 703.10667 | KB18: 703.10667 | KC18: 703.10667 | KD18: 703.10667 | KE18: 703.10667 | KF18: 703.10667 | KG18: 703.10667 | KH18: 703.10667 | KI18: 703.10667 | KJ18: 703.10667 | KK18: 703.10667 | KL18: 703.10667
A19: Local Account #8 from KY | B19: Local Parent Account #8 from KY | C19: Local | D19: KY | E19: Workforce Development | S19: 0 | T19: 0 | U19: 0 | V19: 0 | W19: 0 | X19: 0 | Y19: 0 | Z19: 0 | AA19: 0 | AB19: 0 | AC19: 0 | AD19: 0 | AE19: 0 | AF19: 0 | AG19: 0 | AH19: 0 | AI19: 0 | AJ19: 0 | AK19: 0 | AL19: 0 | AM19: 0 | AN19: 0 | AO19: 0 | AP19: 0 | AQ19: 0 | AR19: 0 | AS19: 0 | AT19: 0 | AU19: 0 | AV19: 0 | AW19: 0 | AX19: 0 | AY19: 0 | AZ19: 0 | BA19: 0 | BB19: 0 | BC19: 0 | BD19: 0 | BE19: 125 | BF19: 125 | BG19: 125 | BH19: 125 | BI19: 125 | BJ19: 125 | BK19: 125 | BL19: 125 | BM19: 125 | BN19: 125 | BO19: 125 | BP19: 125 | BQ19: 0 | BR19: 0 | BS19: 0 | BT19: 0 | BU19: 0 | BV19: 0 | BW19: 0 | BX19: 0 | BY19: 0 | BZ19: 0 | EX19: 0 | EY19: 0 | EZ19: 0 | FA19: 0 | FB19: 0 | FC19: 0 | FD19: 0 | FE19: 0 | FF19: 0 | FG19: 0 | FH19: 0 | FI19: 0 | FJ19: 0 | FK19: 0 | FL19: 0 | FM19: 0 | FN19: 0 | FO19: 0 | FP19: 0 | FQ19: 0 | FR19: 0 | FS19: 0 | FT19: 0 | FU19: 0 | FV19: 0 | FW19: 0 | FX19: 0 | FY19: 0 | FZ19: 0 | GA19: 0 | GB19: 0 | GC19: 0 | GD19: 0 | GE19: 0 | GF19: 0 | GG19: 0 | GH19: 0 | GI19: 0 | GJ19: 0 | GK19: 0 | GL19: 0 | GM19: 0 | GN19: 0 | GO19: 0 | GP19: 0 | GQ19: 0 | GR19: 0 | GS19: 0 | GT19: 0 | GU19: 0 | GV19: 125 | GW19: 125 | GX19: 125 | GY19: 125 | GZ19: 125 | HA19: 125 | HB19: 125 | HC19: 125 | HD19: 125 | HE19: 125 | HF19: 125 | HG19: 125 | HH19: 0 | HI19: 0 | HJ19: 0 | HK19: 0 | HL19: 0 | HM19: 0 | HN19: 0 | HO19: 0 | HP19: 0 | HQ19: 0 | HS19: 0 | HT19: 0 | HU19: 0 | HV19: 0 | HW19: 0 | HX19: 0 | HY19: 0 | HZ19: 0 | IA19: 0 | IB19: 0 | IC19: 0 | ID19: 0 | IE19: 0 | IF19: 0 | IG19: 0 | IH19: 0 | II19: 0 | IJ19: 0 | IK19: 0 | IL19: 0 | IM19: 0 | IN19: 0 | IO19: 0 | IP19: 0 | IQ19: 0 | IR19: 0 | IS19: 0 | IT19: 0 | IU19: 0 | IV19: 0 | IW19: 0 | IX19: 0 | IY19: 0 | IZ19: 0 | JA19: 0 | JB19: 0 | JC19: 0 | JD19: 0 | JE19: 0 | JF19: 0 | JG19: 0 | JH19: 0 | JI19: 0 | JJ19: 0 | JK19: 0 | JL19: 0 | JM19: 0 | JN19: 0 | JO19: 0 | JP19: 0 | JQ19: 125 | JR19: 125 | JS19: 125 | JT19: 125 | JU19: 125 | JV19: 125 | JW19: 125 | JX19: 125 | JY19: 125 | JZ19: 125 | KA19: 125 | KB19: 125 | KC19: 0 | KD19: 0 | KE19: 0 | KF19: 0 | KG19: 0 | KH19: 0 | KI19: 0 | KJ19: 0 | KK19: 0 | KL19: 0
A20: Local Account #9 from KY | B20: Local Parent Account #9 from KY | C20: Local | D20: KY | E20: Workforce Development | G20: 3600.0483 | H20: 3600.0483 | I20: 3600.0483 | J20: 3600.0483 | K20: 3600.0483 | L20: 3600.0483 | M20: 3600.0483 | N20: 3600.0483 | O20: 3600.0483 | P20: 3600.0483 | Q20: 3600.0483 | R20: 487.08333 | S20: 487.08333 | T20: 487.08333 | U20: 487.08333 | V20: 487.08333 | W20: 487.08333 | X20: 487.08333 | Y20: 487.08333 | Z20: 487.08333 | AA20: 487.08333 | AB20: 487.08333 | AC20: 487.08333 | AD20: 0 | AE20: 0 | AF20: 0 | AG20: 0 | AH20: 0 | AI20: 0 | AJ20: 0 | AK20: 0 | AL20: 0 | AM20: 0 | AN20: 0 | AO20: 0 | AP20: 0 | BS20: 0 | BT20: 0 | BU20: 0 | BV20: 0 | BW20: 0 | BX20: 0 | BY20: 0 | BZ20: 0 | EX20: 3600.0483 | EY20: 3600.0483 | EZ20: 3600.0483 | FA20: 3600.0483 | FB20: 3600.0483 | FC20: 3600.0483 | FD20: 3600.0483 | FE20: 3600.0483 | FF20: 3600.0483 | FG20: 3600.0483 | FH20: 3600.0483 | FI20: 487.08333 | FJ20: 487.08333 | FK20: 487.08333 | FL20: 487.08333 | FM20: 487.08333 | FN20: 487.08333 | FO20: 487.08333 | FP20: 487.08333 | FQ20: 487.08333 | FR20: 487.08333 | FS20: 487.08333 | FT20: 487.08333 | FU20: 0 | FV20: 0 | FW20: 0 | FX20: 0 | FY20: 0 | FZ20: 0 | GA20: 0 | GB20: 0 | GC20: 0 | GD20: 0 | GE20: 0 | GF20: 0 | GG20: 0 | GH20: 0 | GI20: 0 | GJ20: 0 | GK20: 0 | GL20: 0 | GM20: 0 | GN20: 0 | GO20: 0 | GP20: 0 | GQ20: 0 | GR20: 0 | GS20: 0 | GT20: 0 | GU20: 0 | GV20: 0 | GW20: 0 | GX20: 0 | GY20: 0 | GZ20: 0 | HA20: 0 | HB20: 0 | HC20: 0 | HD20: 0 | HE20: 0 | HF20: 0 | HG20: 0 | HH20: 0 | HI20: 0 | HJ20: 0 | HK20: 0 | HL20: 0 | HM20: 0 | HN20: 0 | HO20: 0 | HP20: 0 | HQ20: 0 | HS20: 3600.0483 | HT20: 3600.0483 | HU20: 3600.0483 | HV20: 3600.0483 | HW20: 3600.0483 | HX20: 3600.0483 | HY20: 3600.0483 | HZ20: 3600.0483 | IA20: 3600.0483 | IB20: 3600.0483 | IC20: 3600.0483 | ID20: 487.08333 | IE20: 487.08333 | IF20: 487.08333 | IG20: 487.08333 | IH20: 487.08333 | II20: 487.08333 | IJ20: 487.08333 | IK20: 487.08333 | IL20: 487.08333 | IM20: 487.08333 | IN20: 487.08333 | IO20: 487.08333 | IP20: 0 | IQ20: 0 | IR20: 0 | IS20: 0 | IT20: 0 | IU20: 0 | IV20: 0 | IW20: 0 | IX20: 0 | IY20: 0 | IZ20: 0 | JA20: 0 | JB20: 0 | JC20: 0 | JD20: 0 | JE20: 0 | JF20: 0 | JG20: 0 | JH20: 0 | JI20: 0 | JJ20: 0 | JK20: 0 | JL20: 0 | JM20: 0 | JN20: 0 | JO20: 0 | JP20: 0 | JQ20: 0 | JR20: 0 | JS20: 0 | JT20: 0 | JU20: 0 | JV20: 0 | JW20: 0 | JX20: 0 | JY20: 0 | JZ20: 0 | KA20: 0 | KB20: 0 | KC20: 0 | KD20: 0 | KE20: 0 | KF20: 0 | KG20: 0 | KH20: 0 | KI20: 0 | KJ20: 0 | KK20: 0 | KL20: 0
A21: Local Account #10 from MI | B21: Local Parent Account #3 from MI | C21: Local | D21: MI | E21: Workforce Development | G21: 0 | H21: 0 | I21: 0 | J21: 682 | K21: 682 | L21: 682 | M21: 682 | N21: 8362.75 | O21: 8362.75 | P21: 8362.75 | Q21: 8362.75 | R21: 8362.75 | S21: 8362.75 | T21: 8362.75 | U21: 8362.75 | V21: 0 | W21: 0 | X21: 0 | Y21: 0 | Z21: 0 | AA21: 0 | AB21: 0 | AC21: 0 | AD21: 0 | AE21: 0 | AF21: 0 | AG21: 0 | AH21: 0 | AI21: 0 | AJ21: 0 | AK21: 0 | AL21: 0 | AM21: 0 | AN21: 0 | AO21: 0 | AP21: 0 | BS21: 0 | BT21: 0 | BU21: 0 | BV21: 0 | BW21: 0 | BX21: 0 | BY21: 0 | BZ21: 0 | EX21: 0 | EY21: 0 | EZ21: 0 | FA21: 682 | FB21: 682 | FC21: 682 | FD21: 682 | FE21: 8362.75 | FF21: 8362.75 | FG21: 8362.75 | FH21: 8362.75 | FI21: 8362.75 | FJ21: 8362.75 | FK21: 8362.75 | FL21: 8362.75 | FM21: 0 | FN21: 0 | FO21: 0 | FP21: 0 | FQ21: 0 | FR21: 0 | FS21: 0 | FT21: 0 | FU21: 0 | FV21: 0 | FW21: 0 | FX21: 0 | FY21: 0 | FZ21: 0 | GA21: 0 | GB21: 0 | GC21: 0 | GD21: 0 | GE21: 0 | GF21: 0 | GG21: 0 | GH21: 0 | GI21: 0 | GJ21: 0 | GK21: 0 | GL21: 0 | GM21: 0 | GN21: 0 | GO21: 0 | GP21: 0 | GQ21: 0 | GR21: 0 | GS21: 0 | GT21: 0 | GU21: 0 | GV21: 0 | GW21: 0 | GX21: 0 | GY21: 0 | GZ21: 0 | HA21: 0 | HB21: 0 | HC21: 0 | HD21: 0 | HE21: 0 | HF21: 0 | HG21: 0 | HH21: 0 | HI21: 0 | HJ21: 0 | HK21: 0 | HL21: 0 | HM21: 0 | HN21: 0 | HO21: 0 | HP21: 0 | HQ21: 0 | HS21: 0 | HT21: 0 | HU21: 0 | HV21: 682 | HW21: 682 | HX21: 682 | HY21: 682 | HZ21: 8362.75 | IA21: 8362.75 | IB21: 8362.75 | IC21: 8362.75 | ID21: 8362.75 | IE21: 8362.75 | IF21: 8362.75 | IG21: 8362.75 | IH21: 0 | II21: 0 | IJ21: 0 | IK21: 0 | IL21: 0 | IM21: 0 | IN21: 0 | IO21: 0 | IP21: 0 | IQ21: 0 | IR21: 0 | IS21: 0 | IT21: 0 | IU21: 0 | IV21: 0 | IW21: 0 | IX21: 0 | IY21: 0 | IZ21: 0 | JA21: 0 | JB21: 0 | JC21: 0 | JD21: 0 | JE21: 0 | JF21: 0 | JG21: 0 | JH21: 0 | JI21: 0 | JJ21: 0 | JK21: 0 | JL21: 0 | JM21: 0 | JN21: 0 | JO21: 0 | JP21: 0 | JQ21: 0 | JR21: 0 | JS21: 0 | JT21: 0 | JU21: 0 | JV21: 0 | JW21: 0 | JX21: 0 | JY21: 0 | JZ21: 0 | KA21: 0 | KB21: 0 | KC21: 0 | KD21: 0 | KE21: 0 | KF21: 0 | KG21: 0 | KH21: 0 | KI21: 0 | KJ21: 0 | KK21: 0 | KL21: 0
A22: Local Account #11 from MN | B22: Local Parent Account #10 from MN | C22: Local | D22: MN | E22: Workforce Development | G22: 0 | H22: 0 | I22: 0 | J22: 0 | K22: 0 | L22: 0 | M22: 0 | N22: 0 | O22: 0 | P22: 0 | Q22: 0 | R22: 0 | S22: 0 | T22: 0 | U22: 0 | V22: 0 | W22: 0 | X22: 0 | Y22: 0 | Z22: 0 | AA22: 0 | AB22: 0 | AC22: 0 | AD22: 0 | AE22: 0 | AF22: 0 | AG22: 0 | AH22: 0 | AI22: 0 | AJ22: 0 | AK22: 0 | AL22: 0 | AM22: 0 | AN22: 0 | AO22: 0 | AP22: 0 | AQ22: 3750 | AR22: 3750 | AS22: 3750 | AT22: 3750 | AU22: 3750 | AV22: 3750 | AW22: 3750 | AX22: 3750 | AY22: 3750 | AZ22: 3750 | BA22: 3750 | BB22: 3750 | BC22: 3750 | BD22: 3750 | BE22: 3750 | BF22: 3750 | BG22: 3750 | BH22: 3750 | BI22: 3750 | BJ22: 3750 | BK22: 3750 | BL22: 3750 | BM22: 3750 | BN22: 3750 | BO22: 3750 | BP22: 3750 | BQ22: 3750 | BR22: 3750 | BS22: 3750 | BT22: 3750 | BU22: 3750 | BV22: 3750 | BW22: 3750 | BX22: 3750 | BY22: 3750 | BZ22: 3750 | EX22: 0 | EY22: 0 | EZ22: 0 | FA22: 0 | FB22: 0 | FC22: 0 | FD22: 0 | FE22: 0 | FF22: 0 | FG22: 0 | FH22: 0 | FI22: 0 | FJ22: 0 | FK22: 0 | FL22: 0 | FM22: 0 | FN22: 0 | FO22: 0 | FP22: 0 | FQ22: 0 | FR22: 0 | FS22: 0 | FT22: 0 | FU22: 0 | FV22: 0 | FW22: 0 | FX22: 0 | FY22: 0 | FZ22: 0 | GA22: 0 | GB22: 0 | GC22: 0 | GD22: 0 | GE22: 0 | GF22: 0 | GG22: 0 | GH22: 3750 | GI22: 3750 | GJ22: 3750 | GK22: 3750 | GL22: 3750 | GM22: 3750 | GN22: 3750 | GO22: 3750 | GP22: 3750 | GQ22: 3750 | GR22: 3750 | GS22: 3750 | GT22: 3750 | GU22: 3750 | GV22: 3750 | GW22: 3750 | GX22: 3750 | GY22: 3750 | GZ22: 3750 | HA22: 3750 | HB22: 3750 | HC22: 3750 | HD22: 3750 | HE22: 3750 | HF22: 3750 | HG22: 3750 | HH22: 3750 | HI22: 3750 | HJ22: 3750 | HK22: 3750 | HL22: 3750 | HM22: 3750 | HN22: 3750 | HO22: 3750 | HP22: 3750 | HQ22: 3750 | HS22: 0 | HT22: 0 | HU22: 0 | HV22: 0 | HW22: 0 | HX22: 0 | HY22: 0 | HZ22: 0 | IA22: 0 | IB22: 0 | IC22: 0 | ID22: 0 | IE22: 0 | IF22: 0 | IG22: 0 | IH22: 0 | II22: 0 | IJ22: 0 | IK22: 0 | IL22: 0 | IM22: 0 | IN22: 0 | IO22: 0 | IP22: 0 | IQ22: 0 | IR22: 0 | IS22: 0 | IT22: 0 | IU22: 0 | IV22: 0 | IW22: 0 | IX22: 0 | IY22: 0 | IZ22: 0 | JA22: 0 | JB22: 0 | JC22: 3750 | JD22: 3750 | JE22: 3750 | JF22: 3750 | JG22: 3750 | JH22: 3750 | JI22: 3750 | JJ22: 3750 | JK22: 3750 | JL22: 3750 | JM22: 3750 | JN22: 3750 | JO22: 3750 | JP22: 3750 | JQ22: 3750 | JR22: 3750 | JS22: 3750 | JT22: 3750 | JU22: 3750 | JV22: 3750 | JW22: 3750 | JX22: 3750 | JY22: 3750 | JZ22: 3750 | KA22: 3750 | KB22: 3750 | KC22: 3750 | KD22: 3750 | KE22: 3750 | KF22: 3750 | KG22: 3750 | KH22: 3750 | KI22: 3750 | KJ22: 3750 | KK22: 3750 | KL22: 3750
A23: State Account #12 from MA | B23: State Parent Account #11 from MA | C23: State | D23: MA | E23: Workforce Development | G23: 0 | H23: 0 | I23: 0 | J23: 0 | K23: 0 | L23: 0 | M23: 0 | N23: 0 | O23: 0 | P23: 0 | Q23: 0 | R23: 0 | S23: 0 | T23: 0 | U23: 0 | V23: 0 | W23: 0 | X23: 0 | Y23: 0 | Z23: 0 | AA23: 0 | AB23: 0 | AC23: 0 | AD23: 0 | AE23: 0 | AF23: 0 | AG23: 0 | AH23: 0 | AI23: 0 | AJ23: 0 | AK23: 0 | AL23: 0 | AM23: 0 | AN23: 0 | AO23: 0 | AP23: 0 | AQ23: 0 | AR23: 0 | AS23: 0 | AT23: 0 | AU23: 0 | AV23: 2250 | AW23: 2250 | AX23: 2250 | AY23: 2250 | AZ23: 2250 | BA23: 2250 | BB23: 2250 | BC23: 2250 | BD23: 2250 | BE23: 2250 | BF23: 2250 | BG23: 2250 | BH23: 2250 | BI23: 2437.5 | BJ23: 3385.44 | BK23: 3385.44 | BL23: 3385.44 | BM23: 3385.44 | BN23: 3385.44 | BO23: 3385.44 | BP23: 3385.44 | BQ23: 3791.7 | BR23: 3791.7 | BS23: 3791.7 | BT23: 3791.7 | BU23: 3791.7 | BV23: 3791.7 | BW23: 3791.7 | BX23: 3791.7 | BY23: 3791.7 | BZ23: 3791.7 | EX23: 0 | EY23: 0 | EZ23: 0 | FA23: 0 | FB23: 0 | FC23: 0 | FD23: 0 | FE23: 0 | FF23: 0 | FG23: 0 | FH23: 0 | FI23: 0 | FJ23: 0 | FK23: 0 | FL23: 0 | FM23: 0 | FN23: 0 | FO23: 0 | FP23: 0 | FQ23: 0 | FR23: 0 | FS23: 0 | FT23: 0 | FU23: 0 | FV23: 0 | FW23: 0 | FX23: 0 | FY23: 0 | FZ23: 0 | GA23: 0 | GB23: 0 | GC23: 0 | GD23: 0 | GE23: 0 | GF23: 0 | GG23: 0 | GH23: 0 | GI23: 0 | GJ23: 0 | GK23: 0 | GL23: 0 | GM23: 2250 | GN23: 2250 | GO23: 2250 | GP23: 2250 | GQ23: 2250 | GR23: 2250 | GS23: 2250 | GT23: 2250 | GU23: 2250 | GV23: 2250 | GW23: 2250 | GX23: 2250 | GY23: 2250 | GZ23: 2437.5 | HA23: 3385.44 | HB23: 3385.44 | HC23: 3385.44 | HD23: 3385.44 | HE23: 3385.44 | HF23: 3385.44 | HG23: 3385.44 | HH23: 3791.7 | HI23: 3791.7 | HJ23: 3791.7 | HK23: 3791.7 | HL23: 3791.7 | HM23: 3791.7 | HN23: 3791.7 | HO23: 3791.7 | HP23: 3791.7 | HQ23: 3791.7 | HS23: 0 | HT23: 0 | HU23: 0 | HV23: 0 | HW23: 0 | HX23: 0 | HY23: 0 | HZ23: 0 | IA23: 0 | IB23: 0 | IC23: 0 | ID23: 0 | IE23: 0 | IF23: 0 | IG23: 0 | IH23: 0 | II23: 0 | IJ23: 0 | IK23: 0 | IL23: 0 | IM23: 0 | IN23: 0 | IO23: 0 | IP23: 0 | IQ23: 0 | IR23: 0 | IS23: 0 | IT23: 0 | IU23: 0 | IV23: 0 | IW23: 0 | IX23: 0 | IY23: 0 | IZ23: 0 | JA23: 0 | JB23: 0 | JC23: 0 | JD23: 0 | JE23: 0 | JF23: 0 | JG23: 0 | JH23: 2250 | JI23: 2250 | JJ23: 2250 | JK23: 2250 | JL23: 2250 | JM23: 2250 | JN23: 2250 | JO23: 2250 | JP23: 2250 | JQ23: 2250 | JR23: 2250 | JS23: 2250 | JT23: 2250 | JU23: 2437.5 | JV23: 3385.44 | JW23: 3385.44 | JX23: 3385.44 | JY23: 3385.44 | JZ23: 3385.44 | KA23: 3385.44 | KB23: 3385.44 | KC23: 3791.7 | KD23: 3791.7 | KE23: 3791.7 | KF23: 3791.7 | KG23: 3791.7 | KH23: 3791.7 | KI23: 3791.7 | KJ23: 3791.7 | KK23: 3791.7 | KL23: 3791.7
A24: Local Account #13 from FL | B24: Local Parent Account #12 from FL | C24: Local | D24: FL | E24: Human Services | G24: 333.33333 | H24: 333.33333 | I24: 333.33333 | J24: 333.33333 | K24: 333.33333 | L24: 333.33333 | M24: 333.33333 | N24: 333.33333 | O24: 333.33333 | P24: 333.33333 | Q24: 333.33333 | R24: 333.33333 | S24: 333.33333 | T24: 333.33333 | U24: 333.33333 | V24: 333.33333 | W24: 333.33333 | X24: 333.33333 | Y24: 333.33333 | Z24: 333.33333 | AA24: 333.33333 | AB24: 333.33333 | AC24: 416.66667 | AD24: 416.66667 | AE24: 416.66667 | AF24: 416.66667 | AG24: 416.66667 | AH24: 416.66667 | AI24: 416.66667 | AJ24: 416.66667 | AK24: 416.66667 | AL24: 416.66667 | AM24: 416.66667 | AN24: 416.66667 | AO24: 416.66667 | AP24: 416.66667 | AQ24: 416.66667 | AR24: 416.66667 | AS24: 416.66667 | AT24: 416.66667 | AU24: 416.66667 | AV24: 416.66667 | AW24: 416.66667 | AX24: 416.66667 | AY24: 416.66667 | AZ24: 833.33333 | BA24: 416.66667 | BB24: 416.66667 | BC24: 416.66667 | BD24: 416.66667 | BE24: 416.66667 | BF24: 416.66667 | BG24: 416.66667 | BH24: 416.66667 | BI24: 416.66667 | BJ24: 416.66667 | BK24: 416.66667 | BL24: 437.5 | BM24: 437.5 | BN24: 437.5 | BO24: 437.5 | BP24: 437.5 | BQ24: 437.5 | BR24: 437.5 | BS24: 437.5 | BT24: 437.5 | BU24: 437.5 | BV24: 437.5 | BW24: 437.5 | BX24: 437.5 | BY24: 437.5 | BZ24: 437.5 | EX24: 333.33333 | EY24: 333.33333 | EZ24: 333.33333 | FA24: 333.33333 | FB24: 333.33333 | FC24: 333.33333 | FD24: 333.33333 | FE24: 333.33333 | FF24: 333.33333 | FG24: 333.33333 | FH24: 333.33333 | FI24: 333.33333 | FJ24: 333.33333 | FK24: 333.33333 | FL24: 333.33333 | FM24: 333.33333 | FN24: 333.33333 | FO24: 333.33333 | FP24: 333.33333 | FQ24: 333.33333 | FR24: 333.33333 | FS24: 333.33333 | FT24: 416.66667 | FU24: 416.66667 | FV24: 416.66667 | FW24: 416.66667 | FX24: 416.66667 | FY24: 416.66667 | FZ24: 416.66667 | GA24: 416.66667 | GB24: 416.66667 | GC24: 416.66667 | GD24: 416.66667 | GE24: 416.66667 | GF24: 416.66667 | GG24: 416.66667 | GH24: 416.66667 | GI24: 416.66667 | GJ24: 416.66667 | GK24: 416.66667 | GL24: 416.66667 | GM24: 416.66667 | GN24: 416.66667 | GO24: 416.66667 | GP24: 416.66667 | GQ24: 833.33333 | GR24: 416.66667 | GS24: 416.66667 | GT24: 416.66667 | GU24: 416.66667 | GV24: 416.66667 | GW24: 416.66667 | GX24: 416.66667 | GY24: 416.66667 | GZ24: 416.66667 | HA24: 416.66667 | HB24: 416.66667 | HC24: 437.5 | HD24: 437.5 | HE24: 437.5 | HF24: 437.5 | HG24: 437.5 | HH24: 437.5 | HI24: 437.5 | HJ24: 437.5 | HK24: 437.5 | HL24: 437.5 | HM24: 437.5 | HN24: 437.5 | HO24: 437.5 | HP24: 437.5 | HQ24: 437.5 | HS24: 333.33333 | HT24: 333.33333 | HU24: 333.33333 | HV24: 333.33333 | HW24: 333.33333 | HX24: 333.33333 | HY24: 333.33333 | HZ24: 333.33333 | IA24: 333.33333 | IB24: 333.33333 | IC24: 333.33333 | ID24: 333.33333 | IE24: 333.33333 | IF24: 333.33333 | IG24: 333.33333 | IH24: 333.33333 | II24: 333.33333 | IJ24: 333.33333 | IK24: 333.33333 | IL24: 333.33333 | IM24: 333.33333 | IN24: 333.33333 | IO24: 416.66667 | IP24: 416.66667 | IQ24: 416.66667 | IR24: 416.66667 | IS24: 416.66667 | IT24: 416.66667 | IU24: 416.66667 | IV24: 416.66667 | IW24: 416.66667 | IX24: 416.66667 | IY24: 416.66667 | IZ24: 416.66667 | JA24: 416.66667 | JB24: 416.66667 | JC24: 416.66667 | JD24: 416.66667 | JE24: 416.66667 | JF24: 416.66667 | JG24: 416.66667 | JH24: 416.66667 | JI24: 416.66667 | JJ24: 416.66667 | JK24: 416.66667 | JL24: 833.33333 | JM24: 416.66667 | JN24: 416.66667 | JO24: 416.66667 | JP24: 416.66667 | JQ24: 416.66667 | JR24: 416.66667 | JS24: 416.66667 | JT24: 416.66667 | JU24: 416.66667 | JV24: 416.66667 | JW24: 416.66667 | JX24: 437.5 | JY24: 437.5 | JZ24: 437.5 | KA24: 437.5 | KB24: 437.5 | KC24: 437.5 | KD24: 437.5 | KE24: 437.5 | KF24: 437.5 | KG24: 437.5 | KH24: 437.5 | KI24: 437.5 | KJ24: 437.5 | KK24: 437.5 | KL24: 437.5
A25: State Account #14 from MD | B25: State Parent Account #13 from MD | C25: State | D25: MD | E25: Workforce Development | S25: 0 | T25: 0 | U25: 0 | V25: 0 | W25: 0 | X25: 0 | Y25: 0 | Z25: 0 | AA25: 0 | AB25: 0 | AC25: 0 | AD25: 0 | AE25: 0 | AF25: 0 | AG25: 0 | AH25: 0 | AI25: 0 | AJ25: 0 | AK25: 0 | AL25: 0 | AM25: 0 | AN25: 0 | AO25: 0 | AP25: 0 | AQ25: 0 | AR25: 0 | AS25: 0 | AT25: 0 | AU25: 0 | AV25: 0 | AW25: 0 | AX25: 0 | AY25: 0 | AZ25: 0 | BA25: 0 | BB25: 0 | BC25: 0 | BD25: 0 | BE25: 0 | BF25: 4455 | BG25: 4455 | BH25: 4455 | BI25: 4455 | BJ25: 4455 | BK25: 4455 | BL25: 4455 | BM25: 4455 | BN25: 4455 | BO25: 4455 | BP25: 4455 | BQ25: 4455 | BR25: 4455 | BS25: 0 | BT25: 0 | BU25: 0 | BV25: 0 | BW25: 0 | BX25: 0 | BY25: 0 | BZ25: 0 | CB25: Never live | CC25: 0 | CD25: 0 | CE25: 0 | CF25: 0 | CG25: 0 | CH25: 0 | CI25: 0 | CJ25: 0 | CK25: 0 | CL25: 0 | CM25: 0 | CN25: 0 | CO25: 0 | CP25: 0 | CQ25: 0 | CR25: 0 | CS25: 0 | CT25: 0 | CU25: 0 | CV25: 0 | CW25: 0 | CX25: 0 | CY25: 0 | CZ25: 0 | DA25: 0 | DB25: 0 | DC25: 0 | DD25: 0 | DE25: 0 | DF25: 0 | DG25: 0 | DH25: 0 | DI25: 0 | DJ25: 0 | DK25: 0 | DL25: 0 | DM25: 0 | DN25: 0 | DO25: 0 | DP25: 0 | DQ25: 0 | DR25: 0 | DS25: 0 | DT25: 0 | DU25: 0 | DV25: 0 | DW25: 0 | DX25: 0 | DY25: 0 | DZ25: 0 | EA25: 0 | EB25: -4455 | EC25: -4455 | ED25: -4455 | EE25: -4455 | EF25: -4455 | EG25: -4455 | EH25: -4455 | EI25: -4455 | EJ25: -4455 | EK25: -4455 | EL25: -4455 | EM25: -4455 | EN25: -4455 | EO25: 0 | EP25: 0 | EQ25: 0 | ER25: 0 | ES25: 0 | ET25: 0 | EU25: 0 | EV25: 0 | EX25: 0 | EY25: 0 | EZ25: 0 | FA25: 0 | FB25: 0 | FC25: 0 | FD25: 0 | FE25: 0 | FF25: 0 | FG25: 0 | FH25: 0 | FI25: 0 | FJ25: 0 | FK25: 0 | FL25: 0 | FM25: 0 | FN25: 0 | FO25: 0 | FP25: 0 | FQ25: 0 | FR25: 0 | FS25: 0 | FT25: 0 | FU25: 0 | FV25: 0 | FW25: 0 | FX25: 0 | FY25: 0 | FZ25: 0 | GA25: 0 | GB25: 0 | GC25: 0 | GD25: 0 | GE25: 0 | GF25: 0 | GG25: 0 | GH25: 0 | GI25: 0 | GJ25: 0 | GK25: 0 | GL25: 0 | GM25: 0 | GN25: 0 | GO25: 0 | GP25: 0 | GQ25: 0 | GR25: 0 | GS25: 0 | GT25: 0 | GU25: 0 | GV25: 0 | GW25: 0 | GX25: 0 | GY25: 0 | GZ25: 0 | HA25: 0 | HB25: 0 | HC25: 0 | HD25: 0 | HE25: 0 | HF25: 0 | HG25: 0 | HH25: 0 | HI25: 0 | HJ25: 0 | HK25: 0 | HL25: 0 | HM25: 0 | HN25: 0 | HO25: 0 | HP25: 0 | HQ25: 0 | HS25: 0 | HT25: 0 | HU25: 0 | HV25: 0 | HW25: 0 | HX25: 0 | HY25: 0 | HZ25: 0 | IA25: 0 | IB25: 0 | IC25: 0 | ID25: 0 | IE25: 0 | IF25: 0 | IG25: 0 | IH25: 0 | II25: 0 | IJ25: 0 | IK25: 0 | IL25: 0 | IM25: 0 | IN25: 0 | IO25: 0 | IP25: 0 | IQ25: 0 | IR25: 0 | IS25: 0 | IT25: 0 | IU25: 0 | IV25: 0 | IW25: 0 | IX25: 0 | IY25: 0 | IZ25: 0 | JA25: 0 | JB25: 0 | JC25: 0 | JD25: 0 | JE25: 0 | JF25: 0 | JG25: 0 | JH25: 0 | JI25: 0 | JJ25: 0 | JK25: 0 | JL25: 0 | JM25: 0 | JN25: 0 | JO25: 0 | JP25: 0 | JQ25: 0 | JR25: 0 | JS25: 0 | JT25: 0 | JU25: 0 | JV25: 0 | JW25: 0 | JX25: 0 | JY25: 0 | JZ25: 0 | KA25: 0 | KB25: 0 | KC25: 0 | KD25: 0 | KE25: 0 | KF25: 0 | KG25: 0 | KH25: 0 | KI25: 0 | KJ25: 0 | KK25: 0 | KL25: 0
A26: State Account #15 from OK | B26: State Parent Account #14 from OK | C26: State | D26: OK | E26: Workforce Development | G26: 0 | H26: 0 | I26: 0 | J26: 0 | K26: 0 | L26: 0 | M26: 0 | N26: 0 | O26: 0 | P26: 0 | Q26: 0 | R26: 0 | S26: 0 | T26: 0 | U26: 0 | V26: 0 | W26: 0 | X26: 0 | Y26: 0 | Z26: 0 | AA26: 0 | AB26: 0 | AC26: 0 | AD26: 7925 | AE26: 7925 | AF26: 7925 | AG26: 7925 | AH26: 7925 | AI26: 7925 | AJ26: 7925 | AK26: 7925 | AL26: 7925 | AM26: 7925 | AN26: 7925 | AO26: 7925 | AP26: 0 | AQ26: 0 | AR26: 0 | AS26: 0 | AT26: 0 | AU26: 0 | AV26: 0 | AW26: 0 | AX26: 0 | AY26: 0 | AZ26: 0 | BA26: 0 | BB26: 0 | BC26: 0 | BD26: 0 | BE26: 0 | BF26: 0 | BG26: 0 | BH26: 0 | BI26: 0 | BJ26: 0 | BK26: 0 | BL26: 0 | BM26: 0 | BN26: 0 | BO26: 0 | BP26: 0 | BQ26: 0 | BR26: 0 | BS26: 0 | BT26: 0 | BU26: 0 | BV26: 0 | BW26: 0 | BX26: 0 | BY26: 0 | BZ26: 0 | CB26: Co-development | CC26: 0 | CD26: 0 | CE26: 0 | CF26: 0 | CG26: 0 | CH26: 0 | CI26: 0 | CJ26: 0 | CK26: 0 | CL26: 0 | CM26: 0 | CN26: 0 | CO26: 0 | CP26: 0 | CQ26: 0 | CR26: 0 | CS26: 0 | CT26: 0 | CU26: 0 | CV26: 0 | CW26: 0 | CX26: 0 | CY26: 0 | CZ26: -7925 | DA26: -7925 | DB26: -7925 | DC26: -7925 | DD26: -7925 | DE26: -7925 | DF26: -7925 | DG26: -7925 | DH26: -7925 | DI26: -7925 | DJ26: -7925 | DK26: -7925 | DL26: 0 | DM26: 0 | DN26: 0 | DO26: 0 | DP26: 0 | DQ26: 0 | DR26: 0 | DS26: 0 | DT26: 0 | DU26: 0 | DV26: 0 | DW26: 0 | DX26: 0 | DY26: 0 | DZ26: 0 | EA26: 0 | EB26: 0 | EC26: 0 | ED26: 0 | EE26: 0 | EF26: 0 | EG26: 0 | EH26: 0 | EI26: 0 | EJ26: 0 | EK26: 0 | EL26: 0 | EM26: 0 | EN26: 0 | EO26: 0 | EP26: 0 | EQ26: 0 | ER26: 0 | ES26: 0 | ET26: 0 | EU26: 0 | EV26: 0 | EX26: 0 | EY26: 0 | EZ26: 0 | FA26: 0 | FB26: 0 | FC26: 0 | FD26: 0 | FE26: 0 | FF26: 0 | FG26: 0 | FH26: 0 | FI26: 0 | FJ26: 0 | FK26: 0 | FL26: 0 | FM26: 0 | FN26: 0 | FO26: 0 | FP26: 0 | FQ26: 0 | FR26: 0 | FS26: 0 | FT26: 0 | FU26: 0 | FV26: 0 | FW26: 0 | FX26: 0 | FY26: 0 | FZ26: 0 | GA26: 0 | GB26: 0 | GC26: 0 | GD26: 0 | GE26: 0 | GF26: 0 | GG26: 0 | GH26: 0 | GI26: 0 | GJ26: 0 | GK26: 0 | GL26: 0 | GM26: 0 | GN26: 0 | GO26: 0 | GP26: 0 | GQ26: 0 | GR26: 0 | GS26: 0 | GT26: 0 | GU26: 0 | GV26: 0 | GW26: 0 | GX26: 0 | GY26: 0 | GZ26: 0 | HA26: 0 | HB26: 0 | HC26: 0 | HD26: 0 | HE26: 0 | HF26: 0 | HG26: 0 | HH26: 0 | HI26: 0 | HJ26: 0 | HK26: 0 | HL26: 0 | HM26: 0 | HN26: 0 | HO26: 0 | HP26: 0 | HQ26: 0 | HS26: 0 | HT26: 0 | HU26: 0 | HV26: 0 | HW26: 0 | HX26: 0 | HY26: 0 | HZ26: 0 | IA26: 0 | IB26: 0 | IC26: 0 | ID26: 0 | IE26: 0 | IF26: 0 | IG26: 0 | IH26: 0 | II26: 0 | IJ26: 0 | IK26: 0 | IL26: 0 | IM26: 0 | IN26: 0 | IO26: 0 | IP26: 0 | IQ26: 0 | IR26: 0 | IS26: 0 | IT26: 0 | IU26: 0 | IV26: 0 | IW26: 0 | IX26: 0 | IY26: 0 | IZ26: 0 | JA26: 0 | JB26: 0 | JC26: 0 | JD26: 0 | JE26: 0 | JF26: 0 | JG26: 0 | JH26: 0 | JI26: 0 | JJ26: 0 | JK26: 0 | JL26: 0 | JM26: 0 | JN26: 0 | JO26: 0 | JP26: 0 | JQ26: 0 | JR26: 0 | JS26: 0 | JT26: 0 | JU26: 0 | JV26: 0 | JW26: 0 | JX26: 0 | JY26: 0 | JZ26: 0 | KA26: 0 | KB26: 0 | KC26: 0 | KD26: 0 | KE26: 0 | KF26: 0 | KG26: 0 | KH26: 0 | KI26: 0 | KJ26: 0 | KK26: 0 | KL26: 0
A27: State Account #16 from OK | B27: State Parent Account #14 from OK | C27: State | D27: OK | E27: Workforce Development | AP27: 3271.4 | AQ27: 3271.4 | AR27: 3271.4 | AS27: 3271.4 | AT27: 3271.4 | AU27: 3271.4 | AV27: 3271.4 | AW27: 3271.4 | AX27: 3271.4 | AY27: 3271.4 | AZ27: 3271.4 | BA27: 3271.4 | BS27: 0 | BT27: 0 | BU27: 0 | BV27: 0 | BW27: 0 | BX27: 0 | BY27: 0 | BZ27: 0 | CB27: Promotional contract | CC27: 0 | CD27: 0 | CE27: 0 | CF27: 0 | CG27: 0 | CH27: 0 | CI27: 0 | CJ27: 0 | CK27: 0 | CL27: 0 | CM27: 0 | CN27: 0 | CO27: 0 | CP27: 0 | CQ27: 0 | CR27: 0 | CS27: 0 | CT27: 0 | CU27: 0 | CV27: 0 | CW27: 0 | CX27: 0 | CY27: 0 | CZ27: 0 | DA27: 0 | DB27: 0 | DC27: 0 | DD27: 0 | DE27: 0 | DF27: 0 | DG27: 0 | DH27: 0 | DI27: 0 | DJ27: 0 | DK27: 0 | DL27: -3271.4 | DM27: -3271.4 | DN27: -3271.4 | DO27: -3271.4 | DP27: -3271.4 | DQ27: -3271.4 | DR27: -3271.4 | DS27: -3271.4 | DT27: -3271.4 | DU27: -3271.4 | DV27: -3271.4 | DW27: -3271.4 | DX27: 0 | DY27: 0 | DZ27: 0 | EA27: 0 | EB27: 0 | EC27: 0 | ED27: 0 | EE27: 0 | EF27: 0 | EG27: 0 | EH27: 0 | EI27: 0 | EJ27: 0 | EK27: 0 | EL27: 0 | EM27: 0 | EN27: 0 | EO27: 0 | EP27: 0 | EQ27: 0 | ER27: 0 | ES27: 0 | ET27: 0 | EU27: 0 | EV27: 0 | EX27: 0 | EY27: 0 | EZ27: 0 | FA27: 0 | FB27: 0 | FC27: 0 | FD27: 0 | FE27: 0 | FF27: 0 | FG27: 0 | FH27: 0 | FI27: 0 | FJ27: 0 | FK27: 0 | FL27: 0 | FM27: 0 | FN27: 0 | FO27: 0 | FP27: 0 | FQ27: 0 | FR27: 0 | FS27: 0 | FT27: 0 | FU27: 0 | FV27: 0 | FW27: 0 | FX27: 0 | FY27: 0 | FZ27: 0 | GA27: 0 | GB27: 0 | GC27: 0 | GD27: 0 | GE27: 0 | GF27: 0 | GG27: 0 | GH27: 0 | GI27: 0 | GJ27: 0 | GK27: 0 | GL27: 0 | GM27: 0 | GN27: 0 | GO27: 0 | GP27: 0 | GQ27: 0 | GR27: 0 | GS27: 0 | GT27: 0 | GU27: 0 | GV27: 0 | GW27: 0 | GX27: 0 | GY27: 0 | GZ27: 0 | HA27: 0 | HB27: 0 | HC27: 0 | HD27: 0 | HE27: 0 | HF27: 0 | HG27: 0 | HH27: 0 | HI27: 0 | HJ27: 0 | HK27: 0 | HL27: 0 | HM27: 0 | HN27: 0 | HO27: 0 | HP27: 0 | HQ27: 0
A28: State Account #17 from WA | B28: State Parent Account #15 from WA | C28: State | D28: WA | E28: Workforce Development | G28: 0 | H28: 0 | I28: 0 | J28: 0 | K28: 0 | L28: 0 | M28: 0 | N28: 0 | O28: 0 | P28: 0 | Q28: 0 | R28: 0 | S28: 0 | T28: 0 | U28: 0 | V28: 0 | W28: 0 | X28: 0 | Y28: 0 | Z28: 0 | AA28: 0 | AB28: 0 | AC28: 0 | AD28: 0 | AE28: 105670.83 | AF28: 105670.83 | AG28: 105670.83 | AH28: 105670.83 | AI28: 105670.83 | AJ28: 105670.83 | AK28: 105670.83 | AL28: 105670.83 | AM28: 105670.83 | AN28: 105670.83 | AO28: 105670.83 | AP28: 105670.83 | AQ28: 16321.959 | AR28: 16321.959 | AS28: 16321.959 | AT28: 16321.959 | AU28: 16321.959 | AV28: 16321.959 | AW28: 16321.959 | AX28: 16321.959 | AY28: 16321.959 | AZ28: 16321.959 | BA28: 16321.959 | BB28: 16321.959 | BC28: 30029.167 | BD28: 30029.167 | BE28: 30029.167 | BF28: 30029.167 | BG28: 49716.667 | BH28: 49716.667 | BI28: 49716.667 | BJ28: 49716.667 | BK28: 49716.667 | BL28: 49716.667 | BM28: 49716.667 | BN28: 49716.667 | BO28: 127200 | BP28: 127200 | BQ28: 127200 | BR28: 127200 | BS28: 127200 | BT28: 127200 | BU28: 127200 | BV28: 127200 | BW28: 127200 | BX28: 127200 | BY28: 127200 | BZ28: 127200 | CB28: Never live | CC28: 0 | CD28: 0 | CE28: 0 | CF28: 0 | CG28: 0 | CH28: 0 | CI28: 0 | CJ28: 0 | CK28: 0 | CL28: 0 | CM28: 0 | CN28: 0 | CO28: 0 | CP28: 0 | CQ28: 0 | CR28: 0 | CS28: 0 | CT28: 0 | CU28: 0 | CV28: 0 | CW28: 0 | CX28: 0 | CY28: 0 | CZ28: 0 | DA28: -96724.114 | DB28: -96724.114 | DC28: -96724.114 | DD28: -96724.114 | DE28: -96724.114 | DF28: -96724.114 | DG28: -96724.114 | DH28: -96724.114 | DI28: -96724.114 | DJ28: -96724.114 | DK28: -96724.114 | DL28: -96724.114 | DM28: 0 | DN28: 0 | DO28: 0 | DP28: 0 | DQ28: 0 | DR28: 0 | DS28: 0 | DT28: 0 | DU28: 0 | DV28: 0 | DW28: 0 | DX28: 0 | DY28: 0 | DZ28: 0 | EA28: 0 | EB28: 0 | EC28: 0 | ED28: 0 | EE28: 0 | EF28: 0 | EG28: 0 | EH28: 0 | EI28: 0 | EJ28: 0 | EK28: 0 | EL28: 0 | EM28: 0 | EN28: 0 | EO28: 0 | EP28: 0 | EQ28: 0 | ER28: 0 | ES28: 0 | ET28: 0 | EU28: 0 | EV28: 0 | EX28: 0 | EY28: 0 | EZ28: 0 | FA28: 0 | FB28: 0 | FC28: 0 | FD28: 0 | FE28: 0 | FF28: 0 | FG28: 0 | FH28: 0 | FI28: 0 | FJ28: 0 | FK28: 0 | FL28: 0 | FM28: 0 | FN28: 0 | FO28: 0 | FP28: 0 | FQ28: 0 | FR28: 0 | FS28: 0 | FT28: 0 | FU28: 0 | FV28: 8946.7192 | FW28: 8946.7192 | FX28: 8946.7192 | FY28: 8946.7192 | FZ28: 8946.7192 | GA28: 8946.7192 | GB28: 8946.7192 | GC28: 8946.7192 | GD28: 8946.7192 | GE28: 8946.7192 | GF28: 8946.7192 | GG28: 8946.7192 | GH28: 16321.959 | GI28: 16321.959 | GJ28: 16321.959 | GK28: 16321.959 | GL28: 16321.959 | GM28: 16321.959 | GN28: 16321.959 | GO28: 16321.959 | GP28: 16321.959 | GQ28: 16321.959 | GR28: 16321.959 | GS28: 16321.959 | GT28: 30029.167 | GU28: 30029.167 | GV28: 30029.167 | GW28: 30029.167 | GX28: 49716.667 | GY28: 49716.667 | GZ28: 49716.667 | HA28: 49716.667 | HB28: 49716.667 | HC28: 49716.667 | HD28: 49716.667 | HE28: 49716.667 | HF28: 127200 | HG28: 127200 | HH28: 127200 | HI28: 127200 | HJ28: 127200 | HK28: 127200 | HL28: 127200 | HM28: 127200 | HN28: 127200 | HO28: 127200 | HP28: 127200 | HQ28: 127200 | HS28: 0 | HT28: 0 | HU28: 0 | HV28: 0 | HW28: 0 | HX28: 0 | HY28: 0 | HZ28: 0 | IA28: 0 | IB28: 0 | IC28: 0 | ID28: 0 | IE28: 0 | IF28: 0 | IG28: 0 | IH28: 0 | II28: 0 | IJ28: 0 | IK28: 0 | IL28: 0 | IM28: 0 | IN28: 0 | IO28: 0 | IP28: 0 | IQ28: 8946.7192 | IR28: 8946.7192 | IS28: 8946.7192 | IT28: 8946.7192 | IU28: 8946.7192 | IV28: 8946.7192 | IW28: 8946.7192 | IX28: 8946.7192 | IY28: 8946.7192 | IZ28: 8946.7192 | JA28: 8946.7192 | JB28: 8946.7192 | JC28: 16321.959 | JD28: 16321.959 | JE28: 16321.959 | JF28: 16321.959 | JG28: 16321.959 | JH28: 16321.959 | JI28: 16321.959 | JJ28: 16321.959 | JK28: 16321.959 | JL28: 16321.959 | JM28: 16321.959 | JN28: 16321.959 | JO28: 30029.167 | JP28: 30029.167 | JQ28: 30029.167 | JR28: 30029.167 | JS28: 49716.667 | JT28: 49716.667 | JU28: 49716.667 | JV28: 49716.667 | JW28: 49716.667 | JX28: 49716.667 | JY28: 49716.667 | JZ28: 49716.667 | KA28: 127200 | KB28: 127200 | KC28: 127200 | KD28: 127200 | KE28: 127200 | KF28: 127200 | KG28: 127200 | KH28: 127200 | KI28: 127200 | KJ28: 127200 | KK28: 127200 | KL28: 127200
A29: State Account #19 from CA | B29: State Parent Account #16 from CA | C29: State | D29: CA | E29: Workforce Development | G29: 13925 | H29: 13925 | I29: 13925 | J29: 13925 | K29: 13925 | L29: 13925 | M29: 0 | N29: 0 | O29: 0 | P29: 0 | Q29: 0 | R29: 0 | S29: 0 | T29: 0 | U29: 0 | V29: 0 | W29: 0 | X29: 0 | Y29: 0 | Z29: 0 | AA29: 0 | AB29: 0 | AC29: 0 | AD29: 0 | AE29: 0 | AF29: 0 | AG29: 0 | AH29: 0 | AI29: 0 | AJ29: 0 | AK29: 0 | AL29: 0 | AM29: 0 | AN29: 0 | AO29: 0 | AP29: 0 | BS29: 0 | BT29: 0 | BU29: 0 | BV29: 0 | BW29: 0 | BX29: 0 | BY29: 0 | BZ29: 0 | CB29: Never live | CC29: -13925 | CD29: -13925 | CE29: -13925 | CF29: -13925 | CG29: -13925 | CH29: -13925 | CI29: 0 | CJ29: 0 | CK29: 0 | CL29: 0 | CM29: 0 | CN29: 0 | CO29: 0 | CP29: 0 | CQ29: 0 | CR29: 0 | CS29: 0 | CT29: 0 | CU29: 0 | CV29: 0 | CW29: 0 | CX29: 0 | CY29: 0 | CZ29: 0 | DA29: 0 | DB29: 0 | DC29: 0 | DD29: 0 | DE29: 0 | DF29: 0 | DG29: 0 | DH29: 0 | DI29: 0 | DJ29: 0 | DK29: 0 | DL29: 0 | DM29: 0 | DN29: 0 | DO29: 0 | DP29: 0 | DQ29: 0 | DR29: 0 | DS29: 0 | DT29: 0 | DU29: 0 | DV29: 0 | DW29: 0 | DX29: 0 | DY29: 0 | DZ29: 0 | EA29: 0 | EB29: 0 | EC29: 0 | ED29: 0 | EE29: 0 | EF29: 0 | EG29: 0 | EH29: 0 | EI29: 0 | EJ29: 0 | EK29: 0 | EL29: 0 | EM29: 0 | EN29: 0 | EO29: 0 | EP29: 0 | EQ29: 0 | ER29: 0 | ES29: 0 | ET29: 0 | EU29: 0 | EV29: 0 | EX29: 0 | EY29: 0 | EZ29: 0 | FA29: 0 | FB29: 0 | FC29: 0 | FD29: 0 | FE29: 0 | FF29: 0 | FG29: 0 | FH29: 0 | FI29: 0 | FJ29: 0 | FK29: 0 | FL29: 0 | FM29: 0 | FN29: 0 | FO29: 0 | FP29: 0 | FQ29: 0 | FR29: 0 | FS29: 0 | FT29: 0 | FU29: 0 | FV29: 0 | FW29: 0 | FX29: 0 | FY29: 0 | FZ29: 0 | GA29: 0 | GB29: 0 | GC29: 0 | GD29: 0 | GE29: 0 | GF29: 0 | GG29: 0 | GH29: 0 | GI29: 0 | GJ29: 0 | GK29: 0 | GL29: 0 | GM29: 0 | GN29: 0 | GO29: 0 | GP29: 0 | GQ29: 0 | GR29: 0 | GS29: 0 | GT29: 0 | GU29: 0 | GV29: 0 | GW29: 0 | GX29: 0 | GY29: 0 | GZ29: 0 | HA29: 0 | HB29: 0 | HC29: 0 | HD29: 0 | HE29: 0 | HF29: 0 | HG29: 0 | HH29: 0 | HI29: 0 | HJ29: 0 | HK29: 0 | HL29: 0 | HM29: 0 | HN29: 0 | HO29: 0 | HP29: 0 | HQ29: 0 | HS29: 0 | HT29: 0 | HU29: 0 | HV29: 0 | HW29: 0 | HX29: 0 | HY29: 0 | HZ29: 0 | IA29: 0 | IB29: 0 | IC29: 0 | ID29: 0 | IE29: 0 | IF29: 0 | IG29: 0 | IH29: 0 | II29: 0 | IJ29: 0 | IK29: 0 | IL29: 0 | IM29: 0 | IN29: 0 | IO29: 0 | IP29: 0 | IQ29: 0 | IR29: 0 | IS29: 0 | IT29: 0 | IU29: 0 | IV29: 0 | IW29: 0 | IX29: 0 | IY29: 0 | IZ29: 0 | JA29: 0 | JB29: 0 | JC29: 0 | JD29: 0 | JE29: 0 | JF29: 0 | JG29: 0 | JH29: 0 | JI29: 0 | JJ29: 0 | JK29: 0 | JL29: 0 | JM29: 0 | JN29: 0 | JO29: 0 | JP29: 0 | JQ29: 0 | JR29: 0 | JS29: 0 | JT29: 0 | JU29: 0 | JV29: 0 | JW29: 0 | JX29: 0 | JY29: 0 | JZ29: 0 | KA29: 0 | KB29: 0 | KC29: 0 | KD29: 0 | KE29: 0 | KF29: 0 | KG29: 0 | KH29: 0 | KI29: 0 | KJ29: 0 | KK29: 0 | KL29: 0
A30: State Account #20 from VT | B30: State Parent Account #17 from VT | C30: State | D30: VT | E30: Workforce Development | G30: 0 | H30: 0 | I30: 0 | J30: 0 | K30: 0 | L30: 0 | M30: 0 | N30: 0 | O30: 0 | P30: 0 | Q30: 0 | R30: 0 | S30: 0 | T30: 0 | U30: 0 | V30: 0 | W30: 0 | X30: 0 | Y30: 0 | Z30: 0 | AA30: 0 | AB30: 0 | AC30: 0 | AD30: 3767.5 | AE30: 3767.5 | AF30: 3767.5 | AG30: 3767.5 | AH30: 3767.5 | AI30: 3767.5 | AJ30: 3767.5 | AK30: 3767.5 | AL30: 3767.5 | AM30: 3767.5 | AN30: 3767.5 | AO30: 3767.5 | AP30: 0 | AQ30: 0 | AR30: 0 | AS30: 0 | AT30: 0 | AU30: 0 | AV30: 0 | AW30: 0 | AX30: 0 | AY30: 0 | AZ30: 0 | BA30: 0 | BB30: 0 | BC30: 0 | BD30: 0 | BE30: 0 | BF30: 0 | BG30: 0 | BH30: 0 | BI30: 0 | BJ30: 0 | BK30: 0 | BL30: 0 | BM30: 0 | BN30: 0 | BO30: 0 | BP30: 0 | BQ30: 0 | BR30: 0 | BS30: 0 | BT30: 0 | BU30: 0 | BV30: 0 | BW30: 0 | BX30: 0 | BY30: 0 | BZ30: 0 | CB30: Never live | CC30: 0 | CD30: 0 | CE30: 0 | CF30: 0 | CG30: 0 | CH30: 0 | CI30: 0 | CJ30: 0 | CK30: 0 | CL30: 0 | CM30: 0 | CN30: 0 | CO30: 0 | CP30: 0 | CQ30: 0 | CR30: 0 | CS30: 0 | CT30: 0 | CU30: 0 | CV30: 0 | CW30: 0 | CX30: 0 | CY30: 0 | CZ30: -3767.5 | DA30: -3767.5 | DB30: -3767.5 | DC30: -3767.5 | DD30: -3767.5 | DE30: -3767.5 | DF30: -3767.5 | DG30: -3767.5 | DH30: -3767.5 | DI30: -3767.5 | DJ30: -3767.5 | DK30: -3767.5 | DL30: 0 | DM30: 0 | DN30: 0 | DO30: 0 | DP30: 0 | DQ30: 0 | DR30: 0 | DS30: 0 | DT30: 0 | DU30: 0 | DV30: 0 | DW30: 0 | DX30: 0 | DY30: 0 | DZ30: 0 | EA30: 0 | EB30: 0 | EC30: 0 | ED30: 0 | EE30: 0 | EF30: 0 | EG30: 0 | EH30: 0 | EI30: 0 | EJ30: 0 | EK30: 0 | EL30: 0 | EM30: 0 | EN30: 0 | EO30: 0 | EP30: 0 | EQ30: 0 | ER30: 0 | ES30: 0 | ET30: 0 | EU30: 0 | EV30: 0 | EX30: 0 | EY30: 0 | EZ30: 0 | FA30: 0 | FB30: 0 | FC30: 0 | FD30: 0 | FE30: 0 | FF30: 0 | FG30: 0 | FH30: 0 | FI30: 0 | FJ30: 0 | FK30: 0 | FL30: 0 | FM30: 0 | FN30: 0 | FO30: 0 | FP30: 0 | FQ30: 0 | FR30: 0 | FS30: 0 | FT30: 0 | FU30: 0 | FV30: 0 | FW30: 0 | FX30: 0 | FY30: 0 | FZ30: 0 | GA30: 0 | GB30: 0 | GC30: 0 | GD30: 0 | GE30: 0 | GF30: 0 | GG30: 0 | GH30: 0 | GI30: 0 | GJ30: 0 | GK30: 0 | GL30: 0 | GM30: 0 | GN30: 0 | GO30: 0 | GP30: 0 | GQ30: 0 | GR30: 0 | GS30: 0 | GT30: 0 | GU30: 0 | GV30: 0 | GW30: 0 | GX30: 0 | GY30: 0 | GZ30: 0 | HA30: 0 | HB30: 0 | HC30: 0 | HD30: 0 | HE30: 0 | HF30: 0 | HG30: 0 | HH30: 0 | HI30: 0 | HJ30: 0 | HK30: 0 | HL30: 0 | HM30: 0 | HN30: 0 | HO30: 0 | HP30: 0 | HQ30: 0 | HS30: 0 | HT30: 0 | HU30: 0 | HV30: 0 | HW30: 0 | HX30: 0 | HY30: 0 | HZ30: 0 | IA30: 0 | IB30: 0 | IC30: 0 | ID30: 0 | IE30: 0 | IF30: 0 | IG30: 0 | IH30: 0 | II30: 0 | IJ30: 0 | IK30: 0 | IL30: 0 | IM30: 0 | IN30: 0 | IO30: 0 | IP30: 0 | IQ30: 0 | IR30: 0 | IS30: 0 | IT30: 0 | IU30: 0 | IV30: 0 | IW30: 0 | IX30: 0 | IY30: 0 | IZ30: 0 | JA30: 0 | JB30: 0 | JC30: 0 | JD30: 0 | JE30: 0 | JF30: 0 | JG30: 0 | JH30: 0 | JI30: 0 | JJ30: 0 | JK30: 0 | JL30: 0 | JM30: 0 | JN30: 0 | JO30: 0 | JP30: 0 | JQ30: 0 | JR30: 0 | JS30: 0 | JT30: 0 | JU30: 0 | JV30: 0 | JW30: 0 | JX30: 0 | JY30: 0 | JZ30: 0 | KA30: 0 | KB30: 0 | KC30: 0 | KD30: 0 | KE30: 0 | KF30: 0 | KG30: 0 | KH30: 0 | KI30: 0 | KJ30: 0 | KK30: 0 | KL30: 0
A31: State Account #18 from WA | B31: State Parent Account #17 from VT | C31: State | D31: VT | E31: Workforce Development | AP31: 3767.5 | AQ31: 3767.5 | AR31: 3767.5 | AS31: 3767.5 | AT31: 3767.5 | AU31: 3767.5 | AV31: 3767.5 | AW31: 3767.5 | AX31: 3767.5 | AY31: 3767.5 | AZ31: 3767.5 | BA31: 3767.5 | BS31: 0 | BT31: 0 | BU31: 0 | BV31: 0 | BW31: 0 | BX31: 0 | BY31: 0 | BZ31: 0 | CB31: Promotional contract | CC31: 0 | CD31: 0 | CE31: 0 | CF31: 0 | CG31: 0 | CH31: 0 | CI31: 0 | CJ31: 0 | CK31: 0 | CL31: 0 | CM31: 0 | CN31: 0 | CO31: 0 | CP31: 0 | CQ31: 0 | CR31: 0 | CS31: 0 | CT31: 0 | CU31: 0 | CV31: 0 | CW31: 0 | CX31: 0 | CY31: 0 | CZ31: 0 | DA31: 0 | DB31: 0 | DC31: 0 | DD31: 0 | DE31: 0 | DF31: 0 | DG31: 0 | DH31: 0 | DI31: 0 | DJ31: 0 | DK31: 0 | DL31: -3767.5 | DM31: -3767.5 | DN31: -3767.5 | DO31: -3767.5 | DP31: -3767.5 | DQ31: -3767.5 | DR31: -3767.5 | DS31: -3767.5 | DT31: -3767.5 | DU31: -3767.5 | DV31: -3767.5 | DW31: -3767.5 | DX31: 0 | DY31: 0 | DZ31: 0 | EA31: 0 | EB31: 0 | EC31: 0 | ED31: 0 | EE31: 0 | EF31: 0 | EG31: 0 | EH31: 0 | EI31: 0 | EJ31: 0 | EK31: 0 | EL31: 0 | EM31: 0 | EN31: 0 | EO31: 0 | EP31: 0 | EQ31: 0 | ER31: 0 | ES31: 0 | ET31: 0 | EU31: 0 | EV31: 0 | EX31: 0 | EY31: 0 | EZ31: 0 | FA31: 0 | FB31: 0 | FC31: 0 | FD31: 0 | FE31: 0 | FF31: 0 | FG31: 0 | FH31: 0 | FI31: 0 | FJ31: 0 | FK31: 0 | FL31: 0 | FM31: 0 | FN31: 0 | FO31: 0 | FP31: 0 | FQ31: 0 | FR31: 0 | FS31: 0 | FT31: 0 | FU31: 0 | FV31: 0 | FW31: 0 | FX31: 0 | FY31: 0 | FZ31: 0 | GA31: 0 | GB31: 0 | GC31: 0 | GD31: 0 | GE31: 0 | GF31: 0 | GG31: 0 | GH31: 0 | GI31: 0 | GJ31: 0 | GK31: 0 | GL31: 0 | GM31: 0 | GN31: 0 | GO31: 0 | GP31: 0 | GQ31: 0 | GR31: 0 | GS31: 0 | GT31: 0 | GU31: 0 | GV31: 0 | GW31: 0 | GX31: 0 | GY31: 0 | GZ31: 0 | HA31: 0 | HB31: 0 | HC31: 0 | HD31: 0 | HE31: 0 | HF31: 0 | HG31: 0 | HH31: 0 | HI31: 0 | HJ31: 0 | HK31: 0 | HL31: 0 | HM31: 0 | HN31: 0 | HO31: 0 | HP31: 0 | HQ31: 0
A32: Local Account #22 from FL | B32: Local Parent Account #18 from FL | C32: Local | D32: FL | E32: Workforce Development | G32: 3750 | H32: 3750 | I32: 3750 | J32: 3750 | K32: 3750 | L32: 3750 | M32: 3750 | N32: 3750 | O32: 3750 | P32: 3750 | Q32: 3750 | R32: 3750 | S32: 6000 | T32: 6000 | U32: 6000 | V32: 6000 | W32: 6000 | X32: 6000 | Y32: 6000 | Z32: 6000 | AA32: 6000 | AB32: 6000 | AC32: 6000 | AD32: 6000 | AE32: 8250 | AF32: 8250 | AG32: 8250 | AH32: 8250 | AI32: 8250 | AJ32: 8250 | AK32: 8250 | AL32: 8250 | AM32: 8250 | AN32: 8250 | AO32: 8250 | AP32: 8250 | AQ32: 3750 | AR32: 3750 | AS32: 3750 | AT32: 3750 | AU32: 3750 | AV32: 3750 | AW32: 3750 | AX32: 3750 | AY32: 3750 | AZ32: 3750 | BA32: 3750 | BB32: 3750 | BC32: 0 | BD32: 0 | BE32: 0 | BF32: 0 | BG32: 0 | BH32: 0 | BI32: 0 | BJ32: 0 | BK32: 0 | BL32: 0 | BM32: 0 | BN32: 0 | BO32: 0 | BP32: 0 | BQ32: 0 | BR32: 0 | BS32: 0 | BT32: 0 | BU32: 0 | BV32: 0 | BW32: 0 | BX32: 0 | BY32: 0 | BZ32: 0 | CB32: Never live | CC32: -3750 | CD32: -3750 | CE32: -3750 | CF32: -3750 | CG32: -3750 | CH32: -3750 | CI32: -3750 | CJ32: -3750 | CK32: -3750 | CL32: -3750 | CM32: -3750 | CN32: -3750 | CO32: -6000 | CP32: -6000 | CQ32: -6000 | CR32: -6000 | CS32: -6000 | CT32: -6000 | CU32: -6000 | CV32: -6000 | CW32: -6000 | CX32: -6000 | CY32: -6000 | CZ32: -6000 | DA32: -8250 | DB32: -8250 | DC32: -8250 | DD32: -8250 | DE32: -8250 | DF32: -8250 | DG32: -8250 | DH32: -8250 | DI32: -8250 | DJ32: -8250 | DK32: -8250 | DL32: -8250 | DM32: -3750 | DN32: -3750 | DO32: -3750 | DP32: -3750 | DQ32: -3750 | DR32: -3750 | DS32: -3750 | DT32: -3750 | DU32: -3750 | DV32: -3750 | DW32: -3750 | DX32: -3750 | DY32: 0 | DZ32: 0 | EA32: 0 | EB32: 0 | EC32: 0 | ED32: 0 | EE32: 0 | EF32: 0 | EG32: 0 | EH32: 0 | EI32: 0 | EJ32: 0 | EK32: 0 | EL32: 0 | EM32: 0 | EN32: 0 | EO32: 0 | EP32: 0 | EQ32: 0 | ER32: 0 | ES32: 0 | ET32: 0 | EU32: 0 | EV32: 0 | EX32: 0 | EY32: 0 | EZ32: 0 | FA32: 0 | FB32: 0 | FC32: 0 | FD32: 0 | FE32: 0 | FF32: 0 | FG32: 0 | FH32: 0 | FI32: 0 | FJ32: 0 | FK32: 0 | FL32: 0 | FM32: 0 | FN32: 0 | FO32: 0 | FP32: 0 | FQ32: 0 | FR32: 0 | FS32: 0 | FT32: 0 | FU32: 0 | FV32: 0 | FW32: 0 | FX32: 0 | FY32: 0 | FZ32: 0 | GA32: 0 | GB32: 0 | GC32: 0 | GD32: 0 | GE32: 0 | GF32: 0 | GG32: 0 | GH32: 0 | GI32: 0 | GJ32: 0 | GK32: 0 | GL32: 0 | GM32: 0 | GN32: 0 | GO32: 0 | GP32: 0 | GQ32: 0 | GR32: 0 | GS32: 0 | GT32: 0 | GU32: 0 | GV32: 0 | GW32: 0 | GX32: 0 | GY32: 0 | GZ32: 0 | HA32: 0 | HB32: 0 | HC32: 0 | HD32: 0 | HE32: 0 | HF32: 0 | HG32: 0 | HH32: 0 | HI32: 0 | HJ32: 0 | HK32: 0 | HL32: 0 | HM32: 0 | HN32: 0 | HO32: 0 | HP32: 0 | HQ32: 0 | HS32: 0 | HT32: 0 | HU32: 0 | HV32: 0 | HW32: 0 | HX32: 0 | HY32: 0 | HZ32: 0 | IA32: 0 | IB32: 0 | IC32: 0 | ID32: 0 | IE32: 0 | IF32: 0 | IG32: 0 | IH32: 0 | II32: 0 | IJ32: 0 | IK32: 0 | IL32: 0 | IM32: 0 | IN32: 0 | IO32: 0 | IP32: 0 | IQ32: 0 | IR32: 0 | IS32: 0 | IT32: 0 | IU32: 0 | IV32: 0 | IW32: 0 | IX32: 0 | IY32: 0 | IZ32: 0 | JA32: 0 | JB32: 0 | JC32: 0 | JD32: 0 | JE32: 0 | JF32: 0 | JG32: 0 | JH32: 0 | JI32: 0 | JJ32: 0 | JK32: 0 | JL32: 0 | JM32: 0 | JN32: 0 | JO32: 0 | JP32: 0 | JQ32: 0 | JR32: 0 | JS32: 0 | JT32: 0 | JU32: 0 | JV32: 0 | JW32: 0 | JX32: 0 | JY32: 0 | JZ32: 0 | KA32: 0 | KB32: 0 | KC32: 0 | KD32: 0 | KE32: 0 | KF32: 0 | KG32: 0 | KH32: 0 | KI32: 0 | KJ32: 0 | KK32: 0 | KL32: 0
A33: Local Account #23 from WA | B33: Local Parent Account #19 from WA | C33: Local | D33: WA | E33: Education | G33: 516.66667 | H33: 516.66667 | I33: 516.66667 | J33: 516.66667 | K33: 516.66667 | L33: 516.66667 | M33: 516.66667 | N33: 516.66667 | O33: 516.66667 | P33: 516.66667 | Q33: 516.66667 | R33: 516.66667 | S33: 516.66667 | T33: 516.66667 | U33: 516.66667 | V33: 516.66667 | W33: 250 | X33: 250 | Y33: 250 | Z33: 250 | AA33: 250 | AB33: 250 | AC33: 250 | AD33: 250 | AE33: 250 | AF33: 250 | AG33: 250 | AH33: 250 | AI33: 0 | AJ33: 0 | AK33: 0 | AL33: 0 | AM33: 0 | AN33: 0 | AO33: 0 | AP33: 0 | BS33: 0 | BT33: 0 | BU33: 0 | BV33: 0 | BW33: 0 | BX33: 0 | BY33: 0 | BZ33: 0 | CB33: Budget / funding | CC33: -516.66667 | CD33: -516.66667 | CE33: -516.66667 | CF33: -516.66667 | CG33: -516.66667 | CH33: -516.66667 | CI33: -516.66667 | CJ33: -516.66667 | CK33: -516.66667 | CL33: -516.66667 | CM33: -516.66667 | CN33: -516.66667 | CO33: -516.66667 | CP33: -516.66667 | CQ33: -516.66667 | CR33: -516.66667 | CS33: -250 | CT33: -250 | CU33: -250 | CV33: -250 | CW33: -250 | CX33: -250 | CY33: -250 | CZ33: -250 | DA33: -250 | DB33: -250 | DC33: -250 | DD33: -250 | DE33: 0 | DF33: 0 | DG33: 0 | DH33: 0 | DI33: 0 | DJ33: 0 | DK33: 0 | DL33: 0 | DM33: 0 | DN33: 0 | DO33: 0 | DP33: 0 | DQ33: 0 | DR33: 0 | DS33: 0 | DT33: 0 | DU33: 0 | DV33: 0 | DW33: 0 | DX33: 0 | DY33: 0 | DZ33: 0 | EA33: 0 | EB33: 0 | EC33: 0 | ED33: 0 | EE33: 0 | EF33: 0 | EG33: 0 | EH33: 0 | EI33: 0 | EJ33: 0 | EK33: 0 | EL33: 0 | EM33: 0 | EN33: 0 | EO33: 0 | EP33: 0 | EQ33: 0 | ER33: 0 | ES33: 0 | ET33: 0 | EU33: 0 | EV33: 0 | EX33: 516.66667 | EY33: 516.66667 | EZ33: 516.66667 | FA33: 516.66667 | FB33: 516.66667 | FC33: 516.66667 | FD33: 516.66667 | FE33: 516.66667 | FF33: 516.66667 | FG33: 516.66667 | FH33: 516.66667 | FI33: 516.66667 | FJ33: 516.66667 | FK33: 516.66667 | FL33: 516.66667 | FM33: 516.66667 | FN33: 250 | FO33: 250 | FP33: 250 | FQ33: 250 | FR33: 250 | FS33: 250 | FT33: 250 | FU33: 250 | FV33: 250 | FW33: 250 | FX33: 250 | FY33: 250 | FZ33: 0 | GA33: 0 | GB33: 0 | GC33: 0 | GD33: 0 | GE33: 0 | GF33: 0 | GG33: 0 | GH33: 0 | GI33: 0 | GJ33: 0 | GK33: 0 | GL33: 0 | GM33: 0 | GN33: 0 | GO33: 0 | GP33: 0 | GQ33: 0 | GR33: 0 | GS33: 0 | GT33: 0 | GU33: 0 | GV33: 0 | GW33: 0 | GX33: 0 | GY33: 0 | GZ33: 0 | HA33: 0 | HB33: 0 | HC33: 0 | HD33: 0 | HE33: 0 | HF33: 0 | HG33: 0 | HH33: 0 | HI33: 0 | HJ33: 0 | HK33: 0 | HL33: 0 | HM33: 0 | HN33: 0 | HO33: 0 | HP33: 0 | HQ33: 0 | HS33: 0 | HT33: 0 | HU33: 0 | HV33: 0 | HW33: 0 | HX33: 0 | HY33: 0 | HZ33: 0 | IA33: 0 | IB33: 0 | IC33: 0 | ID33: 0 | IE33: 0 | IF33: 0 | IG33: 0 | IH33: 0 | II33: 0 | IJ33: 0 | IK33: 0 | IL33: 0 | IM33: 0 | IN33: 0 | IO33: 0 | IP33: 0 | IQ33: 0 | IR33: 0 | IS33: 0 | IT33: 0 | IU33: 0 | IV33: 0 | IW33: 0 | IX33: 0 | IY33: 0 | IZ33: 0 | JA33: 0 | JB33: 0 | JC33: 0 | JD33: 0 | JE33: 0 | JF33: 0 | JG33: 0 | JH33: 0 | JI33: 0 | JJ33: 0 | JK33: 0 | JL33: 0 | JM33: 0 | JN33: 0 | JO33: 0 | JP33: 0 | JQ33: 0 | JR33: 0 | JS33: 0 | JT33: 0 | JU33: 0 | JV33: 0 | JW33: 0 | JX33: 0 | JY33: 0 | JZ33: 0 | KA33: 0 | KB33: 0 | KC33: 0 | KD33: 0 | KE33: 0 | KF33: 0 | KG33: 0 | KH33: 0 | KI33: 0 | KJ33: 0 | KK33: 0 | KL33: 0
A34: Local Account #24 from PA | B34: Local Parent Account #20 from PA | C34: Local | D34: PA | E34: Community Services | G34: 0 | H34: 0 | I34: 0 | J34: 0 | K34: 0 | L34: 0 | M34: 125 | N34: 125 | O34: 125 | P34: 125 | Q34: 125 | R34: 125 | S34: 125 | T34: 125 | U34: 125 | V34: 125 | W34: 125 | X34: 125 | Y34: 125 | Z34: 125 | AA34: 125 | AB34: 125 | AC34: 125 | AD34: 125 | AE34: 125 | AF34: 125 | AG34: 125 | AH34: 125 | AI34: 125 | AJ34: 125 | AK34: 125 | AL34: 125 | AM34: 125 | AN34: 125 | AO34: 125 | AP34: 125 | AQ34: 125 | AR34: 125 | AS34: 125 | AT34: 125 | AU34: 125 | AV34: 125 | AW34: 125 | AX34: 125 | AY34: 125 | AZ34: 125 | BA34: 125 | BB34: 125 | BC34: 125 | BD34: 125 | BE34: 125 | BF34: 125 | BG34: 125 | BH34: 125 | BI34: 125 | BJ34: 125 | BK34: 125 | BL34: 125 | BM34: 125 | BN34: 125 | BO34: 125 | BP34: 125 | BQ34: 125 | BR34: 125 | BS34: 125 | BT34: 125 | BU34: 125 | BV34: 125 | BW34: 125 | BX34: 125 | BY34: 125 | BZ34: 125 | EX34: 0 | EY34: 0 | EZ34: 0 | FA34: 0 | FB34: 0 | FC34: 0 | FD34: 125 | FE34: 125 | FF34: 125 | FG34: 125 | FH34: 125 | FI34: 125 | FJ34: 125 | FK34: 125 | FL34: 125 | FM34: 125 | FN34: 125 | FO34: 125 | FP34: 125 | FQ34: 125 | FR34: 125 | FS34: 125 | FT34: 125 | FU34: 125 | FV34: 125 | FW34: 125 | FX34: 125 | FY34: 125 | FZ34: 125 | GA34: 125 | GB34: 125 | GC34: 125 | GD34: 125 | GE34: 125 | GF34: 125 | GG34: 125 | GH34: 125 | GI34: 125 | GJ34: 125 | GK34: 125 | GL34: 125 | GM34: 125 | GN34: 125 | GO34: 125 | GP34: 125 | GQ34: 125 | GR34: 125 | GS34: 125 | GT34: 125 | GU34: 125 | GV34: 125 | GW34: 125 | GX34: 125 | GY34: 125 | GZ34: 125 | HA34: 125 | HB34: 125 | HC34: 125 | HD34: 125 | HE34: 125 | HF34: 125 | HG34: 125 | HH34: 125 | HI34: 125 | HJ34: 125 | HK34: 125 | HL34: 125 | HM34: 125 | HN34: 125 | HO34: 125 | HP34: 125 | HQ34: 125 | HS34: 0 | HT34: 0 | HU34: 0 | HV34: 0 | HW34: 0 | HX34: 0 | HY34: 125 | HZ34: 125 | IA34: 125 | IB34: 125 | IC34: 125 | ID34: 125 | IE34: 125 | IF34: 125 | IG34: 125 | IH34: 125 | II34: 125 | IJ34: 125 | IK34: 125 | IL34: 125 | IM34: 125 | IN34: 125 | IO34: 125 | IP34: 125 | IQ34: 125 | IR34: 125 | IS34: 125 | IT34: 125 | IU34: 125 | IV34: 125 | IW34: 125 | IX34: 125 | IY34: 125 | IZ34: 125 | JA34: 125 | JB34: 125 | JC34: 125 | JD34: 125 | JE34: 125 | JF34: 125 | JG34: 125 | JH34: 125 | JI34: 125 | JJ34: 125 | JK34: 125 | JL34: 125 | JM34: 125 | JN34: 125 | JO34: 125 | JP34: 125 | JQ34: 125 | JR34: 125 | JS34: 125 | JT34: 125 | JU34: 125 | JV34: 125 | JW34: 125 | JX34: 125 | JY34: 125 | JZ34: 125 | KA34: 125 | KB34: 125 | KC34: 125 | KD34: 125 | KE34: 125 | KF34: 125 | KG34: 125 | KH34: 125 | KI34: 125 | KJ34: 125 | KK34: 125 | KL34: 125
A35: Local Account #25 from AZ | B35: Local Parent Account #21 from AZ | C35: Local | D35: AZ | E35: Community Services | G35: 437.5 | H35: 437.5 | I35: 437.5 | J35: 437.5 | K35: 437.5 | L35: 437.5 | M35: 437.5 | N35: 437.5 | O35: 437.5 | P35: 437.5 | Q35: 437.5 | R35: 437.5 | S35: 437.5 | T35: 437.5 | U35: 437.5 | V35: 437.5 | W35: 437.5 | X35: 437.5 | Y35: 437.5 | Z35: 437.5 | AA35: 437.5 | AB35: 437.5 | AC35: 437.5 | AD35: 437.5 | AE35: 437.5 | AF35: 437.5 | AG35: 437.5 | AH35: 437.5 | AI35: 437.5 | AJ35: 437.5 | AK35: 437.5 | AL35: 437.5 | AM35: 437.5 | AN35: 437.5 | AO35: 437.5 | AP35: 437.5 | AQ35: 437.5 | AR35: 437.5 | AS35: 437.5 | AT35: 437.5 | AU35: 437.5 | AV35: 437.5 | AW35: 437.5 | AX35: 0 | AY35: 0 | AZ35: 0 | BA35: 0 | BB35: 0 | BC35: 0 | BD35: 0 | BE35: 0 | BF35: 0 | BG35: 0 | BH35: 0 | BI35: 0 | BJ35: 0 | BK35: 0 | BL35: 0 | BM35: 0 | BN35: 0 | BO35: 0 | BP35: 0 | BQ35: 0 | BR35: 0 | BS35: 0 | BT35: 0 | BU35: 0 | BV35: 0 | BW35: 0 | BX35: 0 | BY35: 0 | BZ35: 0 | EX35: 437.5 | EY35: 437.5 | EZ35: 437.5 | FA35: 437.5 | FB35: 437.5 | FC35: 437.5 | FD35: 437.5 | FE35: 437.5 | FF35: 437.5 | FG35: 437.5 | FH35: 437.5 | FI35: 437.5 | FJ35: 437.5 | FK35: 437.5 | FL35: 437.5 | FM35: 437.5 | FN35: 437.5 | FO35: 437.5 | FP35: 437.5 | FQ35: 437.5 | FR35: 437.5 | FS35: 437.5 | FT35: 437.5 | FU35: 437.5 | FV35: 437.5 | FW35: 437.5 | FX35: 437.5 | FY35: 437.5 | FZ35: 437.5 | GA35: 437.5 | GB35: 437.5 | GC35: 437.5 | GD35: 437.5 | GE35: 437.5 | GF35: 437.5 | GG35: 437.5 | GH35: 437.5 | GI35: 437.5 | GJ35: 437.5 | GK35: 437.5 | GL35: 437.5 | GM35: 437.5 | GN35: 437.5 | GO35: 0 | GP35: 0 | GQ35: 0 | GR35: 0 | GS35: 0 | GT35: 0 | GU35: 0 | GV35: 0 | GW35: 0 | GX35: 0 | GY35: 0 | GZ35: 0 | HA35: 0 | HB35: 0 | HC35: 0 | HD35: 0 | HE35: 0 | HF35: 0 | HG35: 0 | HH35: 0 | HI35: 0 | HJ35: 0 | HK35: 0 | HL35: 0 | HM35: 0 | HN35: 0 | HO35: 0 | HP35: 0 | HQ35: 0 | HS35: 437.5 | HT35: 437.5 | HU35: 437.5 | HV35: 437.5 | HW35: 437.5 | HX35: 437.5 | HY35: 437.5 | HZ35: 437.5 | IA35: 437.5 | IB35: 437.5 | IC35: 437.5 | ID35: 437.5 | IE35: 437.5 | IF35: 437.5 | IG35: 437.5 | IH35: 437.5 | II35: 437.5 | IJ35: 437.5 | IK35: 437.5 | IL35: 437.5 | IM35: 437.5 | IN35: 437.5 | IO35: 437.5 | IP35: 437.5 | IQ35: 437.5 | IR35: 437.5 | IS35: 437.5 | IT35: 437.5 | IU35: 437.5 | IV35: 437.5 | IW35: 437.5 | IX35: 437.5 | IY35: 437.5 | IZ35: 437.5 | JA35: 437.5 | JB35: 437.5 | JC35: 437.5 | JD35: 437.5 | JE35: 437.5 | JF35: 437.5 | JG35: 437.5 | JH35: 437.5 | JI35: 437.5 | JJ35: 0 | JK35: 0 | JL35: 0 | JM35: 0 | JN35: 0 | JO35: 0 | JP35: 0 | JQ35: 0 | JR35: 0 | JS35: 0 | JT35: 0 | JU35: 0 | JV35: 0 | JW35: 0 | JX35: 0 | JY35: 0 | JZ35: 0 | KA35: 0 | KB35: 0 | KC35: 0 | KD35: 0 | KE35: 0 | KF35: 0 | KG35: 0 | KH35: 0 | KI35: 0 | KJ35: 0 | KK35: 0 | KL35: 0
A36: Local Account #26 from MI | B36: Local Parent Account #22 from MI | C36: Local | D36: MI | E36: Workforce Development | G36: 600 | H36: 600 | I36: 600 | J36: 600 | K36: 600 | L36: 600 | M36: 600 | N36: 600 | O36: 600 | P36: 0 | Q36: 0 | R36: 0 | S36: 0 | T36: 0 | U36: 0 | V36: 0 | W36: 0 | X36: 0 | Y36: 0 | Z36: 0 | AA36: 0 | AB36: 0 | AC36: 0 | AD36: 0 | AE36: 0 | AF36: 0 | AG36: 0 | AH36: 0 | AI36: 0 | AJ36: 0 | AK36: 0 | AL36: 0 | AM36: 0 | AN36: 0 | AO36: 0 | AP36: 0 | BS36: 0 | BT36: 0 | BU36: 0 | BV36: 0 | BW36: 0 | BX36: 0 | BY36: 0 | BZ36: 0 | EX36: 600 | EY36: 600 | EZ36: 600 | FA36: 600 | FB36: 600 | FC36: 600 | FD36: 600 | FE36: 600 | FF36: 600 | FG36: 0 | FH36: 0 | FI36: 0 | FJ36: 0 | FK36: 0 | FL36: 0 | FM36: 0 | FN36: 0 | FO36: 0 | FP36: 0 | FQ36: 0 | FR36: 0 | FS36: 0 | FT36: 0 | FU36: 0 | FV36: 0 | FW36: 0 | FX36: 0 | FY36: 0 | FZ36: 0 | GA36: 0 | GB36: 0 | GC36: 0 | GD36: 0 | GE36: 0 | GF36: 0 | GG36: 0 | GH36: 0 | GI36: 0 | GJ36: 0 | GK36: 0 | GL36: 0 | GM36: 0 | GN36: 0 | GO36: 0 | GP36: 0 | GQ36: 0 | GR36: 0 | GS36: 0 | GT36: 0 | GU36: 0 | GV36: 0 | GW36: 0 | GX36: 0 | GY36: 0 | GZ36: 0 | HA36: 0 | HB36: 0 | HC36: 0 | HD36: 0 | HE36: 0 | HF36: 0 | HG36: 0 | HH36: 0 | HI36: 0 | HJ36: 0 | HK36: 0 | HL36: 0 | HM36: 0 | HN36: 0 | HO36: 0 | HP36: 0 | HQ36: 0 | HS36: 600 | HT36: 600 | HU36: 600 | HV36: 600 | HW36: 600 | HX36: 600 | HY36: 600 | HZ36: 600 | IA36: 600 | IB36: 0 | IC36: 0 | ID36: 0 | IE36: 0 | IF36: 0 | IG36: 0 | IH36: 0 | II36: 0 | IJ36: 0 | IK36: 0 | IL36: 0 | IM36: 0 | IN36: 0 | IO36: 0 | IP36: 0 | IQ36: 0 | IR36: 0 | IS36: 0 | IT36: 0 | IU36: 0 | IV36: 0 | IW36: 0 | IX36: 0 | IY36: 0 | IZ36: 0 | JA36: 0 | JB36: 0 | JC36: 0 | JD36: 0 | JE36: 0 | JF36: 0 | JG36: 0 | JH36: 0 | JI36: 0 | JJ36: 0 | JK36: 0 | JL36: 0 | JM36: 0 | JN36: 0 | JO36: 0 | JP36: 0 | JQ36: 0 | JR36: 0 | JS36: 0 | JT36: 0 | JU36: 0 | JV36: 0 | JW36: 0 | JX36: 0 | JY36: 0 | JZ36: 0 | KA36: 0 | KB36: 0 | KC36: 0 | KD36: 0 | KE36: 0 | KF36: 0 | KG36: 0 | KH36: 0 | KI36: 0 | KJ36: 0 | KK36: 0 | KL36: 0
A37: Local Account #27 from CA | B37: Local Parent Account #23 from CA | C37: Local | D37: CA | E37: Economic Development | G37: 400 | H37: 400 | I37: 400 | J37: 400 | K37: 400 | L37: 400 | M37: 400 | N37: 400 | O37: 400 | P37: 400 | Q37: 400 | R37: 400 | S37: 400 | T37: 400 | U37: 400 | V37: 400 | W37: 400 | X37: 400 | Y37: 900 | Z37: 900 | AA37: 900 | AB37: 900 | AC37: 900 | AD37: 900 | AE37: 900 | AF37: 900 | AG37: 900 | AH37: 900 | AI37: 900 | AJ37: 900 | AK37: 1300 | AL37: 1300 | AM37: 1300 | AN37: 1300 | AO37: 1300 | AP37: 1300 | AQ37: 1300 | AR37: 1300 | AS37: 1300 | AT37: 1300 | AU37: 1300 | AV37: 1300 | AW37: 1200 | AX37: 1200 | AY37: 1200 | AZ37: 1200 | BA37: 1200 | BB37: 1200 | BC37: 1200 | BD37: 1200 | BE37: 1200 | BF37: 1200 | BG37: 1200 | BH37: 1200 | BI37: 900 | BJ37: 900 | BK37: 900 | BL37: 900 | BM37: 900 | BN37: 900 | BO37: 900 | BP37: 900 | BQ37: 900 | BR37: 900 | BS37: 900 | BT37: 900 | BU37: 900 | BV37: 900 | BW37: 900 | BX37: 900 | BY37: 900 | BZ37: 900 | EX37: 400 | EY37: 400 | EZ37: 400 | FA37: 400 | FB37: 400 | FC37: 400 | FD37: 400 | FE37: 400 | FF37: 400 | FG37: 400 | FH37: 400 | FI37: 400 | FJ37: 400 | FK37: 400 | FL37: 400 | FM37: 400 | FN37: 400 | FO37: 400 | FP37: 900 | FQ37: 900 | FR37: 900 | FS37: 900 | FT37: 900 | FU37: 900 | FV37: 900 | FW37: 900 | FX37: 900 | FY37: 900 | FZ37: 900 | GA37: 900 | GB37: 1300 | GC37: 1300 | GD37: 1300 | GE37: 1300 | GF37: 1300 | GG37: 1300 | GH37: 1300 | GI37: 1300 | GJ37: 1300 | GK37: 1300 | GL37: 1300 | GM37: 1300 | GN37: 1200 | GO37: 1200 | GP37: 1200 | GQ37: 1200 | GR37: 1200 | GS37: 1200 | GT37: 1200 | GU37: 1200 | GV37: 1200 | GW37: 1200 | GX37: 1200 | GY37: 1200 | GZ37: 900 | HA37: 900 | HB37: 900 | HC37: 900 | HD37: 900 | HE37: 900 | HF37: 900 | HG37: 900 | HH37: 900 | HI37: 900 | HJ37: 900 | HK37: 900 | HL37: 900 | HM37: 900 | HN37: 900 | HO37: 900 | HP37: 900 | HQ37: 900 | HS37: 400 | HT37: 400 | HU37: 400 | HV37: 400 | HW37: 400 | HX37: 400 | HY37: 400 | HZ37: 400 | IA37: 400 | IB37: 400 | IC37: 400 | ID37: 400 | IE37: 400 | IF37: 400 | IG37: 400 | IH37: 400 | II37: 400 | IJ37: 400 | IK37: 900 | IL37: 900 | IM37: 900 | IN37: 900 | IO37: 900 | IP37: 900 | IQ37: 900 | IR37: 900 | IS37: 900 | IT37: 900 | IU37: 900 | IV37: 900 | IW37: 1300 | IX37: 1300 | IY37: 1300 | IZ37: 1300 | JA37: 1300 | JB37: 1300 | JC37: 1300 | JD37: 1300 | JE37: 1300 | JF37: 1300 | JG37: 1300 | JH37: 1300 | JI37: 1200 | JJ37: 1200 | JK37: 1200 | JL37: 1200 | JM37: 1200 | JN37: 1200 | JO37: 1200 | JP37: 1200 | JQ37: 1200 | JR37: 1200 | JS37: 1200 | JT37: 1200 | JU37: 900 | JV37: 900 | JW37: 900 | JX37: 900 | JY37: 900 | JZ37: 900 | KA37: 900 | KB37: 900 | KC37: 900 | KD37: 900 | KE37: 900 | KF37: 900 | KG37: 900 | KH37: 900 | KI37: 900 | KJ37: 900 | KK37: 900 | KL37: 900
A38: Local Account #28 from CA | B38: Local Parent Account #24 from CA | C38: Local | D38: CA | E38: Economic Development | G38: 2725 | H38: 2725 | I38: 2725 | J38: 2725 | K38: 2725 | L38: 2725 | M38: 900 | N38: 900 | O38: 900 | P38: 900 | Q38: 900 | R38: 900 | S38: 900 | T38: 900 | U38: 900 | V38: 900 | W38: 900 | X38: 900 | Y38: 700 | Z38: 700 | AA38: 700 | AB38: 700 | AC38: 700 | AD38: 700 | AE38: 700 | AF38: 700 | AG38: 700 | AH38: 700 | AI38: 700 | AJ38: 700 | AK38: 600 | AL38: 600 | AM38: 600 | AN38: 600 | AO38: 600 | AP38: 600 | AQ38: 600 | AR38: 600 | AS38: 600 | AT38: 600 | AU38: 600 | AV38: 600 | AW38: 3904.1667 | AX38: 3904.1667 | AY38: 3904.1667 | AZ38: 3904.1667 | BA38: 3904.1667 | BB38: 3904.1667 | BC38: 3904.1667 | BD38: 3904.1667 | BE38: 3904.1667 | BF38: 3904.1667 | BG38: 3904.1667 | BH38: 3904.1667 | BI38: 150 | BJ38: 150 | BK38: 150 | BL38: 150 | BM38: 150 | BN38: 150 | BO38: 150 | BP38: 150 | BQ38: 150 | BR38: 150 | BS38: 150 | BT38: 150 | BU38: 150 | BV38: 150 | BW38: 150 | BX38: 150 | BY38: 150 | BZ38: 150 | EX38: 2725 | EY38: 2725 | EZ38: 2725 | FA38: 2725 | FB38: 2725 | FC38: 2725 | FD38: 900 | FE38: 900 | FF38: 900 | FG38: 900 | FH38: 900 | FI38: 900 | FJ38: 900 | FK38: 900 | FL38: 900 | FM38: 900 | FN38: 900 | FO38: 900 | FP38: 700 | FQ38: 700 | FR38: 700 | FS38: 700 | FT38: 700 | FU38: 700 | FV38: 700 | FW38: 700 | FX38: 700 | FY38: 700 | FZ38: 700 | GA38: 700 | GB38: 600 | GC38: 600 | GD38: 600 | GE38: 600 | GF38: 600 | GG38: 600 | GH38: 600 | GI38: 600 | GJ38: 600 | GK38: 600 | GL38: 600 | GM38: 600 | GN38: 3904.1667 | GO38: 3904.1667 | GP38: 3904.1667 | GQ38: 3904.1667 | GR38: 3904.1667 | GS38: 3904.1667 | GT38: 3904.1667 | GU38: 3904.1667 | GV38: 3904.1667 | GW38: 3904.1667 | GX38: 3904.1667 | GY38: 3904.1667 | GZ38: 150 | HA38: 150 | HB38: 150 | HC38: 150 | HD38: 150 | HE38: 150 | HF38: 150 | HG38: 150 | HH38: 150 | HI38: 150 | HJ38: 150 | HK38: 150 | HL38: 150 | HM38: 150 | HN38: 150 | HO38: 150 | HP38: 150 | HQ38: 150 | HS38: 2725 | HT38: 2725 | HU38: 2725 | HV38: 2725 | HW38: 2725 | HX38: 2725 | HY38: 900 | HZ38: 900 | IA38: 900 | IB38: 900 | IC38: 900 | ID38: 900 | IE38: 900 | IF38: 900 | IG38: 900 | IH38: 900 | II38: 900 | IJ38: 900 | IK38: 700 | IL38: 700 | IM38: 700 | IN38: 700 | IO38: 700 | IP38: 700 | IQ38: 700 | IR38: 700 | IS38: 700 | IT38: 700 | IU38: 700 | IV38: 700 | IW38: 600 | IX38: 600 | IY38: 600 | IZ38: 600 | JA38: 600 | JB38: 600 | JC38: 600 | JD38: 600 | JE38: 600 | JF38: 600 | JG38: 600 | JH38: 600 | JI38: 3904.1667 | JJ38: 3904.1667 | JK38: 3904.1667 | JL38: 3904.1667 | JM38: 3904.1667 | JN38: 3904.1667 | JO38: 3904.1667 | JP38: 3904.1667 | JQ38: 3904.1667 | JR38: 3904.1667 | JS38: 3904.1667 | JT38: 3904.1667 | JU38: 150 | JV38: 150 | JW38: 150 | JX38: 150 | JY38: 150 | JZ38: 150 | KA38: 150 | KB38: 150 | KC38: 150 | KD38: 150 | KE38: 150 | KF38: 150 | KG38: 150 | KH38: 150 | KI38: 150 | KJ38: 150 | KK38: 150 | KL38: 150
A39: Local Account #29 from CA | B39: Local Parent Account #24 from CA | C39: Local | D39: CA | E39: Economic Development | S39: 0 | T39: 0 | U39: 0 | V39: 0 | W39: 0 | X39: 0 | Y39: 0 | Z39: 0 | AA39: 0 | AB39: 0 | AC39: 0 | AD39: 0 | AE39: 0 | AF39: 0 | AG39: 0 | AH39: 0 | AI39: 0 | AJ39: 0 | AK39: 0 | AL39: 0 | AM39: 0 | AN39: 0 | AO39: 0 | AP39: 0 | AQ39: 0 | AR39: 0 | AS39: 0 | AT39: 0 | AU39: 0 | AV39: 0 | AW39: 0 | AX39: 0 | AY39: 0 | AZ39: 0 | BA39: 0 | BB39: 0 | BC39: 0 | BD39: 0 | BE39: 0 | BF39: 0 | BG39: 15383.333 | BH39: 15383.333 | BI39: 15383.333 | BJ39: 15383.333 | BK39: 15383.333 | BL39: 15383.333 | BM39: 15383.333 | BN39: 15383.333 | BO39: 15383.333 | BP39: 15383.333 | BQ39: 15383.333 | BR39: 15383.333 | BS39: 15383.333 | BT39: 15383.333 | BU39: 15383.333 | BV39: 15383.333 | BW39: 15383.333 | BX39: 15383.333 | BY39: 15383.333 | BZ39: 15383.333 | EX39: 0 | EY39: 0 | EZ39: 0 | FA39: 0 | FB39: 0 | FC39: 0 | FD39: 0 | FE39: 0 | FF39: 0 | FG39: 0 | FH39: 0 | FI39: 0 | FJ39: 0 | FK39: 0 | FL39: 0 | FM39: 0 | FN39: 0 | FO39: 0 | FP39: 0 | FQ39: 0 | FR39: 0 | FS39: 0 | FT39: 0 | FU39: 0 | FV39: 0 | FW39: 0 | FX39: 0 | FY39: 0 | FZ39: 0 | GA39: 0 | GB39: 0 | GC39: 0 | GD39: 0 | GE39: 0 | GF39: 0 | GG39: 0 | GH39: 0 | GI39: 0 | GJ39: 0 | GK39: 0 | GL39: 0 | GM39: 0 | GN39: 0 | GO39: 0 | GP39: 0 | GQ39: 0 | GR39: 0 | GS39: 0 | GT39: 0 | GU39: 0 | GV39: 0 | GW39: 0 | GX39: 15383.333 | GY39: 15383.333 | GZ39: 15383.333 | HA39: 15383.333 | HB39: 15383.333 | HC39: 15383.333 | HD39: 15383.333 | HE39: 15383.333 | HF39: 15383.333 | HG39: 15383.333 | HH39: 15383.333 | HI39: 15383.333 | HJ39: 15383.333 | HK39: 15383.333 | HL39: 15383.333 | HM39: 15383.333 | HN39: 15383.333 | HO39: 15383.333 | HP39: 15383.333 | HQ39: 15383.333 | HS39: 0 | HT39: 0 | HU39: 0 | HV39: 0 | HW39: 0 | HX39: 0 | HY39: 0 | HZ39: 0 | IA39: 0 | IB39: 0 | IC39: 0 | ID39: 0 | IE39: 0 | IF39: 0 | IG39: 0 | IH39: 0 | II39: 0 | IJ39: 0 | IK39: 0 | IL39: 0 | IM39: 0 | IN39: 0 | IO39: 0 | IP39: 0 | IQ39: 0 | IR39: 0 | IS39: 0 | IT39: 0 | IU39: 0 | IV39: 0 | IW39: 0 | IX39: 0 | IY39: 0 | IZ39: 0 | JA39: 0 | JB39: 0 | JC39: 0 | JD39: 0 | JE39: 0 | JF39: 0 | JG39: 0 | JH39: 0 | JI39: 0 | JJ39: 0 | JK39: 0 | JL39: 0 | JM39: 0 | JN39: 0 | JO39: 0 | JP39: 0 | JQ39: 0 | JR39: 0 | JS39: 15383.333 | JT39: 15383.333 | JU39: 15383.333 | JV39: 15383.333 | JW39: 15383.333 | JX39: 15383.333 | JY39: 15383.333 | JZ39: 15383.333 | KA39: 15383.333 | KB39: 15383.333 | KC39: 15383.333 | KD39: 15383.333 | KE39: 15383.333 | KF39: 15383.333 | KG39: 15383.333 | KH39: 15383.333 | KI39: 15383.333 | KJ39: 15383.333 | KK39: 15383.333 | KL39: 15383.333
A40: Local Account #30 from OR | B40: Local Parent Account #26 from OR | C40: Local | D40: OR | E40: Workforce Development | G40: 0 | H40: 0 | I40: 0 | J40: 0 | K40: 0 | L40: 0 | M40: 0 | N40: 0 | O40: 0 | P40: 0 | Q40: 0 | R40: 0 | S40: 0 | T40: 0 | U40: 0 | V40: 0 | W40: 0 | X40: 0 | Y40: 0 | Z40: 541.66667 | AA40: 541.66667 | AB40: 541.66667 | AC40: 541.66667 | AD40: 541.66667 | AE40: 541.66667 | AF40: 541.66667 | AG40: 541.66667 | AH40: 541.66667 | AI40: 541.66667 | AJ40: 541.66667 | AK40: 541.66667 | AL40: 541.66667 | AM40: 541.66667 | AN40: 541.66667 | AO40: 541.66667 | AP40: 541.66667 | AQ40: 541.66667 | AR40: 550 | AS40: 550 | AT40: 550 | AU40: 550 | AV40: 550 | AW40: 550 | AX40: 550 | AY40: 550 | AZ40: 550 | BA40: 550 | BB40: 550 | BC40: 550 | BD40: 550 | BE40: 550 | BF40: 550 | BG40: 550 | BH40: 550 | BI40: 550 | BJ40: 550 | BK40: 550 | BL40: 550 | BM40: 550 | BN40: 550 | BO40: 550 | BP40: 137.5 | BQ40: 137.5 | BR40: 137.5 | BS40: 137.5 | BT40: 137.5 | BU40: 137.5 | BV40: 137.5 | BW40: 137.5 | BX40: 137.5 | BY40: 137.5 | BZ40: 137.5 | EX40: 0 | EY40: 0 | EZ40: 0 | FA40: 0 | FB40: 0 | FC40: 0 | FD40: 0 | FE40: 0 | FF40: 0 | FG40: 0 | FH40: 0 | FI40: 0 | FJ40: 0 | FK40: 0 | FL40: 0 | FM40: 0 | FN40: 0 | FO40: 0 | FP40: 0 | FQ40: 541.66667 | FR40: 541.66667 | FS40: 541.66667 | FT40: 541.66667 | FU40: 541.66667 | FV40: 541.66667 | FW40: 541.66667 | FX40: 541.66667 | FY40: 541.66667 | FZ40: 541.66667 | GA40: 541.66667 | GB40: 541.66667 | GC40: 541.66667 | GD40: 541.66667 | GE40: 541.66667 | GF40: 541.66667 | GG40: 541.66667 | GH40: 541.66667 | GI40: 550 | GJ40: 550 | GK40: 550 | GL40: 550 | GM40: 550 | GN40: 550 | GO40: 550 | GP40: 550 | GQ40: 550 | GR40: 550 | GS40: 550 | GT40: 550 | GU40: 550 | GV40: 550 | GW40: 550 | GX40: 550 | GY40: 550 | GZ40: 550 | HA40: 550 | HB40: 550 | HC40: 550 | HD40: 550 | HE40: 550 | HF40: 550 | HG40: 137.5 | HH40: 137.5 | HI40: 137.5 | HJ40: 137.5 | HK40: 137.5 | HL40: 137.5 | HM40: 137.5 | HN40: 137.5 | HO40: 137.5 | HP40: 137.5 | HQ40: 137.5 | HS40: 0 | HT40: 0 | HU40: 0 | HV40: 0 | HW40: 0 | HX40: 0 | HY40: 0 | HZ40: 0 | IA40: 0 | IB40: 0 | IC40: 0 | ID40: 0 | IE40: 0 | IF40: 0 | IG40: 0 | IH40: 0 | II40: 0 | IJ40: 0 | IK40: 0 | IL40: 541.66667 | IM40: 541.66667 | IN40: 541.66667 | IO40: 541.66667 | IP40: 541.66667 | IQ40: 541.66667 | IR40: 541.66667 | IS40: 541.66667 | IT40: 541.66667 | IU40: 541.66667 | IV40: 541.66667 | IW40: 541.66667 | IX40: 541.66667 | IY40: 541.66667 | IZ40: 541.66667 | JA40: 541.66667 | JB40: 541.66667 | JC40: 541.66667 | JD40: 550 | JE40: 550 | JF40: 550 | JG40: 550 | JH40: 550 | JI40: 550 | JJ40: 550 | JK40: 550 | JL40: 550 | JM40: 550 | JN40: 550 | JO40: 550 | JP40: 550 | JQ40: 550 | JR40: 550 | JS40: 550 | JT40: 550 | JU40: 550 | JV40: 550 | JW40: 550 | JX40: 550 | JY40: 550 | JZ40: 550 | KA40: 550 | KB40: 137.5 | KC40: 137.5 | KD40: 137.5 | KE40: 137.5 | KF40: 137.5 | KG40: 137.5 | KH40: 137.5 | KI40: 137.5 | KJ40: 137.5 | KK40: 137.5 | KL40: 137.5
A41: Local Account #31 from CA | B41: Local Parent Account #27 from CA | C41: Local | D41: CA | E41: Community Services | G41: 0 | H41: 0 | I41: 0 | J41: 0 | K41: 0 | L41: 0 | M41: 0 | N41: 0 | O41: 0 | P41: 0 | Q41: 0 | R41: 0 | S41: 0 | T41: 0 | U41: 0 | V41: 0 | W41: 0 | X41: 0 | Y41: 500 | Z41: 500 | AA41: 500 | AB41: 500 | AC41: 500 | AD41: 500 | AE41: 500 | AF41: 500 | AG41: 500 | AH41: 500 | AI41: 500 | AJ41: 500 | AK41: 500 | AL41: 500 | AM41: 500 | AN41: 500 | AO41: 500 | AP41: 500 | AQ41: 500 | AR41: 500 | AS41: 500 | AT41: 500 | AU41: 500 | AV41: 500 | AW41: 900 | AX41: 900 | AY41: 900 | AZ41: 900 | BA41: 900 | BB41: 900 | BC41: 900 | BD41: 900 | BE41: 900 | BF41: 900 | BG41: 900 | BH41: 900 | BI41: 1500 | BJ41: 1500 | BK41: 1500 | BL41: 1500 | BM41: 1500 | BN41: 1500 | BO41: 1500 | BP41: 1500 | BQ41: 1500 | BR41: 1500 | BS41: 1500 | BT41: 1500 | BU41: 1500 | BV41: 1500 | BW41: 1500 | BX41: 1500 | BY41: 1500 | BZ41: 1500 | EX41: 0 | EY41: 0 | EZ41: 0 | FA41: 0 | FB41: 0 | FC41: 0 | FD41: 0 | FE41: 0 | FF41: 0 | FG41: 0 | FH41: 0 | FI41: 0 | FJ41: 0 | FK41: 0 | FL41: 0 | FM41: 0 | FN41: 0 | FO41: 0 | FP41: 500 | FQ41: 500 | FR41: 500 | FS41: 500 | FT41: 500 | FU41: 500 | FV41: 500 | FW41: 500 | FX41: 500 | FY41: 500 | FZ41: 500 | GA41: 500 | GB41: 500 | GC41: 500 | GD41: 500 | GE41: 500 | GF41: 500 | GG41: 500 | GH41: 500 | GI41: 500 | GJ41: 500 | GK41: 500 | GL41: 500 | GM41: 500 | GN41: 900 | GO41: 900 | GP41: 900 | GQ41: 900 | GR41: 900 | GS41: 900 | GT41: 900 | GU41: 900 | GV41: 900 | GW41: 900 | GX41: 900 | GY41: 900 | GZ41: 1500 | HA41: 1500 | HB41: 1500 | HC41: 1500 | HD41: 1500 | HE41: 1500 | HF41: 1500 | HG41: 1500 | HH41: 1500 | HI41: 1500 | HJ41: 1500 | HK41: 1500 | HL41: 1500 | HM41: 1500 | HN41: 1500 | HO41: 1500 | HP41: 1500 | HQ41: 1500 | HS41: 0 | HT41: 0 | HU41: 0 | HV41: 0 | HW41: 0 | HX41: 0 | HY41: 0 | HZ41: 0 | IA41: 0 | IB41: 0 | IC41: 0 | ID41: 0 | IE41: 0 | IF41: 0 | IG41: 0 | IH41: 0 | II41: 0 | IJ41: 0 | IK41: 500 | IL41: 500 | IM41: 500 | IN41: 500 | IO41: 500 | IP41: 500 | IQ41: 500 | IR41: 500 | IS41: 500 | IT41: 500 | IU41: 500 | IV41: 500 | IW41: 500 | IX41: 500 | IY41: 500 | IZ41: 500 | JA41: 500 | JB41: 500 | JC41: 500 | JD41: 500 | JE41: 500 | JF41: 500 | JG41: 500 | JH41: 500 | JI41: 900 | JJ41: 900 | JK41: 900 | JL41: 900 | JM41: 900 | JN41: 900 | JO41: 900 | JP41: 900 | JQ41: 900 | JR41: 900 | JS41: 900 | JT41: 900 | JU41: 1500 | JV41: 1500 | JW41: 1500 | JX41: 1500 | JY41: 1500 | JZ41: 1500 | KA41: 1500 | KB41: 1500 | KC41: 1500 | KD41: 1500 | KE41: 1500 | KF41: 1500 | KG41: 1500 | KH41: 1500 | KI41: 1500 | KJ41: 1500 | KK41: 1500 | KL41: 1500
A42: Local Account #32 from CA | B42: Local Parent Account #28 from CA | C42: Local | D42: CA | E42: Economic Development | S42: 0 | T42: 0 | U42: 0 | V42: 0 | W42: 0 | X42: 0 | Y42: 0 | Z42: 0 | AA42: 0 | AB42: 0 | AC42: 0 | AD42: 0 | AE42: 0 | AF42: 0 | AG42: 0 | AH42: 0 | AI42: 0 | AJ42: 0 | AK42: 0 | AL42: 0 | AM42: 0 | AN42: 0 | AO42: 0 | AP42: 0 | AQ42: 0 | AR42: 0 | AS42: 0 | AT42: 0 | AU42: 0 | AV42: 0 | AW42: 0 | AX42: 0 | AY42: 0 | AZ42: 0 | BA42: 0 | BB42: 144.44417 | BC42: 144.44417 | BD42: 144.44417 | BE42: 144.44417 | BF42: 144.44417 | BG42: 144.44417 | BH42: 144.44417 | BI42: 144.44417 | BJ42: 144.44417 | BK42: 144.44417 | BL42: 144.44417 | BM42: 144.44417 | BN42: 122.2225 | BO42: 122.2225 | BP42: 122.2225 | BQ42: 122.2225 | BR42: 122.2225 | BS42: 122.2225 | BT42: 122.2225 | BU42: 122.2225 | BV42: 122.2225 | BW42: 122.2225 | BX42: 122.2225 | BY42: 122.2225 | BZ42: 122.2225 | EX42: 0 | EY42: 0 | EZ42: 0 | FA42: 0 | FB42: 0 | FC42: 0 | FD42: 0 | FE42: 0 | FF42: 0 | FG42: 0 | FH42: 0 | FI42: 0 | FJ42: 0 | FK42: 0 | FL42: 0 | FM42: 0 | FN42: 0 | FO42: 0 | FP42: 0 | FQ42: 0 | FR42: 0 | FS42: 0 | FT42: 0 | FU42: 0 | FV42: 0 | FW42: 0 | FX42: 0 | FY42: 0 | FZ42: 0 | GA42: 0 | GB42: 0 | GC42: 0 | GD42: 0 | GE42: 0 | GF42: 0 | GG42: 0 | GH42: 0 | GI42: 0 | GJ42: 0 | GK42: 0 | GL42: 0 | GM42: 0 | GN42: 0 | GO42: 0 | GP42: 0 | GQ42: 0 | GR42: 0 | GS42: 144.44417 | GT42: 144.44417 | GU42: 144.44417 | GV42: 144.44417 | GW42: 144.44417 | GX42: 144.44417 | GY42: 144.44417 | GZ42: 144.44417 | HA42: 144.44417 | HB42: 144.44417 | HC42: 144.44417 | HD42: 144.44417 | HE42: 122.2225 | HF42: 122.2225 | HG42: 122.2225 | HH42: 122.2225 | HI42: 122.2225 | HJ42: 122.2225 | HK42: 122.2225 | HL42: 122.2225 | HM42: 122.2225 | HN42: 122.2225 | HO42: 122.2225 | HP42: 122.2225 | HQ42: 122.2225 | HS42: 0 | HT42: 0 | HU42: 0 | HV42: 0 | HW42: 0 | HX42: 0 | HY42: 0 | HZ42: 0 | IA42: 0 | IB42: 0 | IC42: 0 | ID42: 0 | IE42: 0 | IF42: 0 | IG42: 0 | IH42: 0 | II42: 0 | IJ42: 0 | IK42: 0 | IL42: 0 | IM42: 0 | IN42: 0 | IO42: 0 | IP42: 0 | IQ42: 0 | IR42: 0 | IS42: 0 | IT42: 0 | IU42: 0 | IV42: 0 | IW42: 0 | IX42: 0 | IY42: 0 | IZ42: 0 | JA42: 0 | JB42: 0 | JC42: 0 | JD42: 0 | JE42: 0 | JF42: 0 | JG42: 0 | JH42: 0 | JI42: 0 | JJ42: 0 | JK42: 0 | JL42: 0 | JM42: 0 | JN42: 144.44417 | JO42: 144.44417 | JP42: 144.44417 | JQ42: 144.44417 | JR42: 144.44417 | JS42: 144.44417 | JT42: 144.44417 | JU42: 144.44417 | JV42: 144.44417 | JW42: 144.44417 | JX42: 144.44417 | JY42: 144.44417 | JZ42: 122.2225 | KA42: 122.2225 | KB42: 122.2225 | KC42: 122.2225 | KD42: 122.2225 | KE42: 122.2225 | KF42: 122.2225 | KG42: 122.2225 | KH42: 122.2225 | KI42: 122.2225 | KJ42: 122.2225 | KK42: 122.2225 | KL42: 122.2225
A43: Local Account #33 from CA | B43: Local Parent Account #29 from CA | C43: Local | D43: CA | E43: Workforce Development | G43: 0 | H43: 0 | I43: 0 | J43: 0 | K43: 0 | L43: 0 | M43: 0 | N43: 0 | O43: 0 | P43: 0 | Q43: 0 | R43: 0 | S43: 0 | T43: 0 | U43: 0 | V43: 0 | W43: 0 | X43: 0 | Y43: 0 | Z43: 0 | AA43: 0 | AB43: 0 | AC43: 0 | AD43: 0 | AE43: 0 | AF43: 0 | AG43: 0 | AH43: 0 | AI43: 0 | AJ43: 0 | AK43: 0 | AL43: 1077.7775 | AM43: 1077.7775 | AN43: 1077.7775 | AO43: 1077.7775 | AP43: 1077.7775 | AQ43: 1077.7775 | AR43: 1077.7775 | AS43: 1077.7775 | AT43: 1077.7775 | AU43: 1077.7775 | AV43: 1077.7775 | AW43: 1077.7775 | AX43: 1333.3333 | AY43: 1333.3333 | AZ43: 1333.3333 | BA43: 1333.3333 | BB43: 1333.3333 | BC43: 1333.3333 | BD43: 1333.3333 | BE43: 1333.3333 | BF43: 1333.3333 | BG43: 1333.3333 | BH43: 1333.3333 | BI43: 1333.3333 | BJ43: 1266.6667 | BK43: 1266.6667 | BL43: 1266.6667 | BM43: 1266.6667 | BN43: 1266.6667 | BO43: 1266.6667 | BP43: 1266.6667 | BQ43: 1266.6667 | BR43: 1266.6667 | BS43: 1266.6667 | BT43: 1266.6667 | BU43: 1266.6667 | BV43: 1266.6667 | BW43: 1266.6667 | BX43: 1266.6667 | BY43: 1266.6667 | BZ43: 1266.6667 | EX43: 0 | EY43: 0 | EZ43: 0 | FA43: 0 | FB43: 0 | FC43: 0 | FD43: 0 | FE43: 0 | FF43: 0 | FG43: 0 | FH43: 0 | FI43: 0 | FJ43: 0 | FK43: 0 | FL43: 0 | FM43: 0 | FN43: 0 | FO43: 0 | FP43: 0 | FQ43: 0 | FR43: 0 | FS43: 0 | FT43: 0 | FU43: 0 | FV43: 0 | FW43: 0 | FX43: 0 | FY43: 0 | FZ43: 0 | GA43: 0 | GB43: 0 | GC43: 1077.7775 | GD43: 1077.7775 | GE43: 1077.7775 | GF43: 1077.7775 | GG43: 1077.7775 | GH43: 1077.7775 | GI43: 1077.7775 | GJ43: 1077.7775 | GK43: 1077.7775 | GL43: 1077.7775 | GM43: 1077.7775 | GN43: 1077.7775 | GO43: 1333.3333 | GP43: 1333.3333 | GQ43: 1333.3333 | GR43: 1333.3333 | GS43: 1333.3333 | GT43: 1333.3333 | GU43: 1333.3333 | GV43: 1333.3333 | GW43: 1333.3333 | GX43: 1333.3333 | GY43: 1333.3333 | GZ43: 1333.3333 | HA43: 1266.6667 | HB43: 1266.6667 | HC43: 1266.6667 | HD43: 1266.6667 | HE43: 1266.6667 | HF43: 1266.6667 | HG43: 1266.6667 | HH43: 1266.6667 | HI43: 1266.6667 | HJ43: 1266.6667 | HK43: 1266.6667 | HL43: 1266.6667 | HM43: 1266.6667 | HN43: 1266.6667 | HO43: 1266.6667 | HP43: 1266.6667 | HQ43: 1266.6667 | HS43: 0 | HT43: 0 | HU43: 0 | HV43: 0 | HW43: 0 | HX43: 0 | HY43: 0 | HZ43: 0 | IA43: 0 | IB43: 0 | IC43: 0 | ID43: 0 | IE43: 0 | IF43: 0 | IG43: 0 | IH43: 0 | II43: 0 | IJ43: 0 | IK43: 0 | IL43: 0 | IM43: 0 | IN43: 0 | IO43: 0 | IP43: 0 | IQ43: 0 | IR43: 0 | IS43: 0 | IT43: 0 | IU43: 0 | IV43: 0 | IW43: 0 | IX43: 1077.7775 | IY43: 1077.7775 | IZ43: 1077.7775 | JA43: 1077.7775 | JB43: 1077.7775 | JC43: 1077.7775 | JD43: 1077.7775 | JE43: 1077.7775 | JF43: 1077.7775 | JG43: 1077.7775 | JH43: 1077.7775 | JI43: 1077.7775 | JJ43: 1333.3333 | JK43: 1333.3333 | JL43: 1333.3333 | JM43: 1333.3333 | JN43: 1333.3333 | JO43: 1333.3333 | JP43: 1333.3333 | JQ43: 1333.3333 | JR43: 1333.3333 | JS43: 1333.3333 | JT43: 1333.3333 | JU43: 1333.3333 | JV43: 1266.6667 | JW43: 1266.6667 | JX43: 1266.6667 | JY43: 1266.6667 | JZ43: 1266.6667 | KA43: 1266.6667 | KB43: 1266.6667 | KC43: 1266.6667 | KD43: 1266.6667 | KE43: 1266.6667 | KF43: 1266.6667 | KG43: 1266.6667 | KH43: 1266.6667 | KI43: 1266.6667 | KJ43: 1266.6667 | KK43: 1266.6667 | KL43: 1266.6667
